output_id,transport,report_id,side,physical_target,payload_offsets,raw_offsets_with_report_id,encoding,off_value,dim_value,on_value,observed_transition,notes,palette_reference
FLUX_LEFT,HID_OUTPUT_REPORT,0x80,LEFT,FLUX,52,53,INTENSITY_U8,0x00,0x14,0x7F,,OFF/DIM/ON contract; raw offset includes Report ID.,
CUE_LEFT,HID_OUTPUT_REPORT,0x80,LEFT,CUE,58,59,INTENSITY_U8,0x00,0x14,0x7F,,OFF/DIM/ON contract; raw offset includes Report ID.,
PLAY_LEFT,HID_OUTPUT_REPORT,0x80,LEFT,PLAY,59,60,INTENSITY_U8,0x00,0x14,0x7F,,OFF/DIM/ON contract; raw offset includes Report ID.,
SYNC_LEFT,HID_OUTPUT_REPORT,0x80,LEFT,SYNC,57,58,INTENSITY_U8,0x14,0x14,0x7F,,Technical behavior remains limited to the documented hardware evidence.,
LOOP_BUTTON_LEFT,HID_OUTPUT_REPORT,0x80,LEFT,LOOP_BUTTON,47,48,INTENSITY_U8,0x14,0x14,0x7F,,Technical behavior remains limited to the documented hardware evidence.,
LOOP_RING_LEFT,HID_OUTPUT_REPORT,0x80,LEFT,LOOP_RING,64;65;66;67,65;66;67;68,INTENSITY_U8,0x14,0x14,0x7F,,Technical behavior remains limited to the documented hardware evidence.,
FREEZE_LEFT,HID_OUTPUT_REPORT,0x80,LEFT,FREEZE,49,50,INTENSITY_U8,0x00,0x14,0x7F,0x14 -> 0x7F -> 0x14,FREEZE LEFT field. The observed cycle is 0x14 -> 0x7F -> 0x14; 0x14 is a documented protocol value and is not classified as physically off.,
REMIX_LEFT,HID_OUTPUT_REPORT,0x80,LEFT,REMIX,51,52,INTENSITY_U8,0x14,0x14,0x7F,0x14 -> 0x7F -> 0x14,REMIX LEFT field. The observed cycle is 0x14 -> 0x7F -> 0x14; 0x14 is a documented protocol value and is not classified as physically off.,
SLOT_FILTER1_LEFT,HID_OUTPUT_REPORT,0x80,LEFT,SLOT_FILTER1,40,41,INTENSITY_U8,0x14,0x14,0x7F,,Technical behavior remains limited to the documented hardware evidence.,
SLOT_FILTER2_LEFT,HID_OUTPUT_REPORT,0x80,LEFT,SLOT_FILTER2,41,42,INTENSITY_U8,0x14,0x14,0x7F,,Technical behavior remains limited to the documented hardware evidence.,
SLOT_FILTER3_LEFT,HID_OUTPUT_REPORT,0x80,LEFT,SLOT_FILTER3,42,43,INTENSITY_U8,0x14,0x14,0x7F,,Technical behavior remains limited to the documented hardware evidence.,
SLOT_FILTER4_LEFT,HID_OUTPUT_REPORT,0x80,LEFT,SLOT_FILTER4,43,44,INTENSITY_U8,0x14,0x14,0x7F,,Technical behavior remains limited to the documented hardware evidence.,
FX_UNIT1_ON,HID_OUTPUT_REPORT,0x80,LEFT,FX_UNIT1_ON,25,26,INTENSITY_U8,0x14,0x14,0x7F,,Validation pending.,
FX_UNIT1_BTN1,HID_OUTPUT_REPORT,0x80,LEFT,FX_UNIT1_SLOT1,26,27,INTENSITY_U8,0x14,0x14,0x7F,,Validation pending.,
FX_UNIT1_BTN2,HID_OUTPUT_REPORT,0x80,LEFT,FX_UNIT1_SLOT2,27,28,INTENSITY_U8,0x14,0x14,0x7F,,Validation pending.,
FX_UNIT1_BTN3,HID_OUTPUT_REPORT,0x80,LEFT,FX_UNIT1_SLOT3,28,29,INTENSITY_U8,0x14,0x14,0x7F,,Validation pending.,
HOTCUE_1_LEFT,HID_OUTPUT_REPORT,0x80,LEFT,PAD_1,0;1;2,1;2;3,THREE_BYTE_COLOR_VALUE_ORDER_UNRESOLVED,0x08 0x08 0x08,NOT_APPLICABLE,hotcue_N_color,,Seventeen named transmitted values are available at this pad’s three-byte payload address.,PAD_COLOR_PALETTE.csv
HOTCUE_2_LEFT,HID_OUTPUT_REPORT,0x80,LEFT,PAD_2,3;4;5,4;5;6,THREE_BYTE_COLOR_VALUE_ORDER_UNRESOLVED,0x08 0x08 0x08,NOT_APPLICABLE,hotcue_N_color,,Seventeen named transmitted values are available at this pad’s three-byte payload address.,PAD_COLOR_PALETTE.csv
HOTCUE_3_LEFT,HID_OUTPUT_REPORT,0x80,LEFT,PAD_3,6;7;8,7;8;9,THREE_BYTE_COLOR_VALUE_ORDER_UNRESOLVED,0x08 0x08 0x08,NOT_APPLICABLE,hotcue_N_color,,Seventeen named transmitted values are available at this pad’s three-byte payload address.,PAD_COLOR_PALETTE.csv
HOTCUE_4_LEFT,HID_OUTPUT_REPORT,0x80,LEFT,PAD_4,9;10;11,10;11;12,THREE_BYTE_COLOR_VALUE_ORDER_UNRESOLVED,0x08 0x08 0x08,NOT_APPLICABLE,hotcue_N_color,,Seventeen named transmitted values are available at this pad’s three-byte payload address.,PAD_COLOR_PALETTE.csv
HOTCUE_5_LEFT,HID_OUTPUT_REPORT,0x80,LEFT,PAD_5,12;13;14,13;14;15,THREE_BYTE_COLOR_VALUE_ORDER_UNRESOLVED,0x08 0x08 0x08,NOT_APPLICABLE,hotcue_N_color,,Seventeen named transmitted values are available at this pad’s three-byte payload address.,PAD_COLOR_PALETTE.csv
HOTCUE_6_LEFT,HID_OUTPUT_REPORT,0x80,LEFT,PAD_6,15;16;17,16;17;18,THREE_BYTE_COLOR_VALUE_ORDER_UNRESOLVED,0x08 0x08 0x08,NOT_APPLICABLE,hotcue_N_color,,Seventeen named transmitted values are available at this pad’s three-byte payload address.,PAD_COLOR_PALETTE.csv
HOTCUE_7_LEFT,HID_OUTPUT_REPORT,0x80,LEFT,PAD_7,18;19;20,19;20;21,THREE_BYTE_COLOR_VALUE_ORDER_UNRESOLVED,0x08 0x08 0x08,NOT_APPLICABLE,hotcue_N_color,,Seventeen named transmitted values are available at this pad’s three-byte payload address.,PAD_COLOR_PALETTE.csv
HOTCUE_8_LEFT,HID_OUTPUT_REPORT,0x80,LEFT,PAD_8,21;22;23,22;23;24,THREE_BYTE_COLOR_VALUE_ORDER_UNRESOLVED,0x08 0x08 0x08,NOT_APPLICABLE,hotcue_N_color,,Seventeen named transmitted values are available at this pad’s three-byte payload address.,PAD_COLOR_PALETTE.csv
FLUX_RIGHT,HID_OUTPUT_REPORT,0x81,RIGHT,FLUX,52,53,INTENSITY_U8,0x00,0x14,0x7F,,OFF/DIM/ON contract; raw offset includes Report ID.,
CUE_RIGHT,HID_OUTPUT_REPORT,0x81,RIGHT,CUE,58,59,INTENSITY_U8,0x00,0x14,0x7F,,OFF/DIM/ON contract; raw offset includes Report ID.,
PLAY_RIGHT,HID_OUTPUT_REPORT,0x81,RIGHT,PLAY,59,60,INTENSITY_U8,0x00,0x14,0x7F,,OFF/DIM/ON contract; raw offset includes Report ID.,
SYNC_RIGHT,HID_OUTPUT_REPORT,0x81,RIGHT,SYNC,57,58,INTENSITY_U8,0x14,0x14,0x7F,,Technical behavior remains limited to the documented hardware evidence.,
LOOP_BUTTON_RIGHT,HID_OUTPUT_REPORT,0x81,RIGHT,LOOP_BUTTON,47,48,INTENSITY_U8,0x14,0x14,0x7F,,Technical behavior remains limited to the documented hardware evidence.,
LOOP_RING_RIGHT,HID_OUTPUT_REPORT,0x81,RIGHT,LOOP_RING,64;65;66;67,65;66;67;68,INTENSITY_U8,0x14,0x14,0x7F,,Technical behavior remains limited to the documented hardware evidence.,
FREEZE_RIGHT,HID_OUTPUT_REPORT,0x81,RIGHT,FREEZE,49,50,INTENSITY_U8,0x00,0x14,0x7F,0x14 -> 0x7F -> 0x14,FREEZE RIGHT field. The observed cycle is 0x14 -> 0x7F -> 0x14; 0x14 is a documented protocol value and is not classified as physically off.,
REMIX_RIGHT,HID_OUTPUT_REPORT,0x81,RIGHT,REMIX,51,52,INTENSITY_U8,0x14,0x14,0x7F,0x14 -> 0x7F -> 0x14,REMIX RIGHT field. The observed cycle is 0x14 -> 0x7F -> 0x14; 0x14 is a documented protocol value and is not classified as physically off.,
SLOT_FILTER1_RIGHT,HID_OUTPUT_REPORT,0x81,RIGHT,SLOT_FILTER1,40,41,INTENSITY_U8,0x14,0x14,0x7F,,Technical behavior remains limited to the documented hardware evidence.,
SLOT_FILTER2_RIGHT,HID_OUTPUT_REPORT,0x81,RIGHT,SLOT_FILTER2,41,42,INTENSITY_U8,0x14,0x14,0x7F,,Technical behavior remains limited to the documented hardware evidence.,
SLOT_FILTER3_RIGHT,HID_OUTPUT_REPORT,0x81,RIGHT,SLOT_FILTER3,42,43,INTENSITY_U8,0x14,0x14,0x7F,,Technical behavior remains limited to the documented hardware evidence.,
SLOT_FILTER4_RIGHT,HID_OUTPUT_REPORT,0x81,RIGHT,SLOT_FILTER4,43,44,INTENSITY_U8,0x14,0x14,0x7F,,Technical behavior remains limited to the documented hardware evidence.,
FX_UNIT2_ON,HID_OUTPUT_REPORT,0x81,RIGHT,FX_UNIT2_ON,25,26,INTENSITY_U8,0x14,0x14,0x7F,,Validation pending.,
FX_UNIT2_BTN1,HID_OUTPUT_REPORT,0x81,RIGHT,FX_UNIT2_SLOT1,26,27,INTENSITY_U8,0x14,0x14,0x7F,,Validation pending.,
FX_UNIT2_BTN2,HID_OUTPUT_REPORT,0x81,RIGHT,FX_UNIT2_SLOT2,27,28,INTENSITY_U8,0x14,0x14,0x7F,,Validation pending.,
FX_UNIT2_BTN3,HID_OUTPUT_REPORT,0x81,RIGHT,FX_UNIT2_SLOT3,28,29,INTENSITY_U8,0x14,0x14,0x7F,,Validation pending.,
HOTCUE_1_RIGHT,HID_OUTPUT_REPORT,0x81,RIGHT,PAD_1,0;1;2,1;2;3,THREE_BYTE_COLOR_VALUE_ORDER_UNRESOLVED,0x08 0x08 0x08,NOT_APPLICABLE,hotcue_N_color,,Seventeen named transmitted values are available at this pad’s three-byte payload address.,PAD_COLOR_PALETTE.csv
HOTCUE_2_RIGHT,HID_OUTPUT_REPORT,0x81,RIGHT,PAD_2,3;4;5,4;5;6,THREE_BYTE_COLOR_VALUE_ORDER_UNRESOLVED,0x08 0x08 0x08,NOT_APPLICABLE,hotcue_N_color,,Seventeen named transmitted values are available at this pad’s three-byte payload address.,PAD_COLOR_PALETTE.csv
HOTCUE_3_RIGHT,HID_OUTPUT_REPORT,0x81,RIGHT,PAD_3,6;7;8,7;8;9,THREE_BYTE_COLOR_VALUE_ORDER_UNRESOLVED,0x08 0x08 0x08,NOT_APPLICABLE,hotcue_N_color,,Seventeen named transmitted values are available at this pad’s three-byte payload address.,PAD_COLOR_PALETTE.csv
HOTCUE_4_RIGHT,HID_OUTPUT_REPORT,0x81,RIGHT,PAD_4,9;10;11,10;11;12,THREE_BYTE_COLOR_VALUE_ORDER_UNRESOLVED,0x08 0x08 0x08,NOT_APPLICABLE,hotcue_N_color,,Seventeen named transmitted values are available at this pad’s three-byte payload address.,PAD_COLOR_PALETTE.csv
HOTCUE_5_RIGHT,HID_OUTPUT_REPORT,0x81,RIGHT,PAD_5,12;13;14,13;14;15,THREE_BYTE_COLOR_VALUE_ORDER_UNRESOLVED,0x08 0x08 0x08,NOT_APPLICABLE,hotcue_N_color,,Seventeen named transmitted values are available at this pad’s three-byte payload address.,PAD_COLOR_PALETTE.csv
HOTCUE_6_RIGHT,HID_OUTPUT_REPORT,0x81,RIGHT,PAD_6,15;16;17,16;17;18,THREE_BYTE_COLOR_VALUE_ORDER_UNRESOLVED,0x08 0x08 0x08,NOT_APPLICABLE,hotcue_N_color,,Seventeen named transmitted values are available at this pad’s three-byte payload address.,PAD_COLOR_PALETTE.csv
HOTCUE_7_RIGHT,HID_OUTPUT_REPORT,0x81,RIGHT,PAD_7,18;19;20,19;20;21,THREE_BYTE_COLOR_VALUE_ORDER_UNRESOLVED,0x08 0x08 0x08,NOT_APPLICABLE,hotcue_N_color,,Seventeen named transmitted values are available at this pad’s three-byte payload address.,PAD_COLOR_PALETTE.csv
HOTCUE_8_RIGHT,HID_OUTPUT_REPORT,0x81,RIGHT,PAD_8,21;22;23,22;23;24,THREE_BYTE_COLOR_VALUE_ORDER_UNRESOLVED,0x08 0x08 0x08,NOT_APPLICABLE,hotcue_N_color,,Seventeen named transmitted values are available at this pad’s three-byte payload address.,PAD_COLOR_PALETTE.csv
FX_ASSIGN1_A,HID_OUTPUT_REPORT,0x82,GLOBAL,FX_ASSIGN1_A,46,47,INTENSITY_U8,0x14,0x14,0x7F,,Validation pending.,
FX_ASSIGN2_A,HID_OUTPUT_REPORT,0x82,GLOBAL,FX_ASSIGN2_A,47,48,INTENSITY_U8,0x14,0x14,0x7F,,Validation pending.,
SNAP,HID_OUTPUT_REPORT,0x82,GLOBAL,SNAP,48,49,INTENSITY_U8,0x14,0x14,0x7F,,Technical behavior remains limited to the documented hardware evidence.,
QUANTIZE,HID_OUTPUT_REPORT,0x82,GLOBAL,QUANTIZE,49,50,INTENSITY_U8,0x14,0x14,0x7F,,Validation pending.,
FX_ASSIGN1_B,HID_OUTPUT_REPORT,0x82,GLOBAL,FX_ASSIGN1_B,50,51,INTENSITY_U8,0x14,0x14,0x7F,,Validation pending.,
FX_ASSIGN2_B,HID_OUTPUT_REPORT,0x82,GLOBAL,FX_ASSIGN2_B,51,52,INTENSITY_U8,0x14,0x14,0x7F,,Validation pending.,
MIXER_FILTER_STATE_ABCD,HID_FEATURE_REPORT,0xF4,GLOBAL,MIXER_FILTER_A_B_C_D,0;1,1;2,FIXED_PREFIX_PLUS_BITMASK,0x25 0x00,NOT_APPLICABLE,0x25 0x0F,,Bytes 2..31 are zero; individual and multi-channel composition physically passed.,
DISPLAY_INIT,HID_FEATURE_REPORT_OPTIONAL_DISPLAY,0xF8,GLOBAL,DISPLAY_INIT,0;1;2;3;4;5;6;7;8;9,1;2;3;4;5;6;7;8;9;10,FIXED_SEQUENCE,NOT_APPLICABLE,NOT_APPLICABLE,NOT_DISCLOSED_PENDING_AUTHORIZATION,,Separate from HID control/LED maps; display frontend is out of scope.,
LED_CUE_PFL_C,USB_CONTROL_OUT,0xF4,C,CUE_PFL,2,,CHANNEL_MASK,0x00,,0x04,,Combinacao observada somente para A+C; independent transmission not established Matrix index is zero-based in payload; do not interpret as report-inclusive byte offset.,
LED_CUE_PFL_A,USB_CONTROL_OUT,0xF4,A,CUE_PFL,2,,CHANNEL_MASK,0x00,,0x01,,Combinacao observada somente para A+C; independent transmission not established Matrix index is zero-based in payload; do not interpret as report-inclusive byte offset.,
LED_CUE_PFL_B,USB_CONTROL_OUT,0xF4,B,CUE_PFL,2,,CHANNEL_MASK,0x00,,0x02,,No B combination is documented; independent transmission not established Matrix index is zero-based in payload; do not interpret as report-inclusive byte offset.,
LED_CUE_PFL_D,USB_CONTROL_OUT,0xF4,D,CUE_PFL,2,,CHANNEL_MASK,0x00,,0x08,,No D combination is documented; independent transmission not established Matrix index is zero-based in payload; do not interpret as report-inclusive byte offset.,
LED_DIRECT_THRU_LIVE_INPUT_C,HID_FEATURE_REPORT,0xF4,C,DIRECT_THRU_LIVE_INPUT,NOT_APPLICABLE,2 (SS in F4 24 SS),CHANNEL_MASK_OR,0x00,NOT_APPLICABLE,0x04,,Feature Report. SS is the OR combination of channel masks; complete native behavior is inconclusive.,
LED_DIRECT_THRU_LIVE_INPUT_A,HID_FEATURE_REPORT,0xF4,A,DIRECT_THRU_LIVE_INPUT,NOT_APPLICABLE,2 (SS in F4 24 SS),CHANNEL_MASK_OR,0x00,NOT_APPLICABLE,0x01,,Feature Report. SS is the OR combination of channel masks; complete native behavior is inconclusive.,
LED_DIRECT_THRU_LIVE_INPUT_B,HID_FEATURE_REPORT,0xF4,B,DIRECT_THRU_LIVE_INPUT,NOT_APPLICABLE,2 (SS in F4 24 SS),CHANNEL_MASK_OR,0x00,NOT_APPLICABLE,0x02,,Feature Report. SS is the OR combination of channel masks; complete native behavior is inconclusive.,
LED_DIRECT_THRU_LIVE_INPUT_D,HID_FEATURE_REPORT,0xF4,D,DIRECT_THRU_LIVE_INPUT,NOT_APPLICABLE,2 (SS in F4 24 SS),CHANNEL_MASK_OR,0x00,NOT_APPLICABLE,0x08,,Feature Report. SS is the OR combination of channel masks; complete native behavior is inconclusive.,
HID_OUT_80_24,HID_OUTPUT_REPORT,0x80,LEFT,FX_SELECT_CAPTURED_PAIR,24,25,BYTE_INTENSITY_U8_OBSERVED,,,0x14>0x7F|0x7F>0x14,,The HID field changes; individual light response is not independently established.,
HID_OUT_80_32,HID_OUTPUT_REPORT,0x80,LEFT,DISPLAY_4_OR_8_LEFT,32,33,BYTE_INTENSITY_U8_OBSERVED,,,0x00>0x7F|0x7F>0x00,,Four fields change together; D4 and D8 are not individually attributed. The HID field changes; individual light response is not independently established.,
HID_OUT_80_36,HID_OUTPUT_REPORT,0x80,LEFT,DISPLAY_4_OR_8_LEFT,36,37,BYTE_INTENSITY_U8_OBSERVED,,,0x00>0x7F|0x7F>0x00,,Four fields change together; D4 and D8 are not individually attributed. The HID field changes; individual light response is not independently established.,
HID_OUT_80_37,HID_OUTPUT_REPORT,0x80,LEFT,BACK_LEFT,37,38,BYTE_INTENSITY_U8_OBSERVED,,,0x14>0x7F|0x7F>0x14,,The HID field changes; individual light response is not independently established.,
HID_OUT_80_38,HID_OUTPUT_REPORT,0x80,LEFT,CAPTURE_LEFT,38,39,BYTE_INTENSITY_U8_OBSERVED,,,0x14>0x7F|0x7F>0x14,,The HID field changes; individual light response is not independently established.,
HID_OUT_80_39,HID_OUTPUT_REPORT,0x80,LEFT,EDIT_LEFT,39,40,BYTE_INTENSITY_U8_OBSERVED,,,0x14>0x7F|0x7F>0x14,,The HID field changes; individual light response is not independently established.,
HID_OUT_80_44,HID_OUTPUT_REPORT,0x80,LEFT,DECK_MODE_MULTILED_GROUP_LEFT,44,45,BYTE_INTENSITY_U8_OBSERVED,,,0x00>0x14|0x14>0x00,,Multiple LEDs change on the same mode event; individual attribution is unavailable. The HID field changes; individual light response is not independently established.,
HID_OUT_80_45,HID_OUTPUT_REPORT,0x80,LEFT,HOTCUE_LEFT,45,46,BYTE_INTENSITY_U8_OBSERVED,,,0x00>0x14|0x14>0x00|0x14>0x7F|0x7F>0x14,,The HID field changes; individual light response is not independently established.,
HID_OUT_80_46,HID_OUTPUT_REPORT,0x80,LEFT,DECK_MODE_MULTILED_GROUP_LEFT,46,47,BYTE_INTENSITY_U8_OBSERVED,,,0x00>0x14|0x14>0x00,,Multiple LEDs change on the same mode event; individual attribution is unavailable. The HID field changes; individual light response is not independently established.,
FREEZE_WHITE_LEFT,HID_OUTPUT_REPORT,0x80,LEFT,FREEZE white companion,48,49,BYTE_INTENSITY_U8_OBSERVED,,,0x00>0x14|0x14>0x00,,Multiple LEDs change on the same mode event; individual attribution is unavailable. The HID field changes; individual light response is not independently established.,
HID_OUT_80_50,HID_OUTPUT_REPORT,0x80,LEFT,DECK_MODE_MULTILED_GROUP_LEFT,50,51,BYTE_INTENSITY_U8_OBSERVED,,,0x00>0x14|0x14>0x00,,Multiple LEDs change on the same mode event; individual attribution is unavailable. The HID field changes; individual light response is not independently established.,
DECK_WHITE_LEFT,HID_OUTPUT_REPORT,0x80,LEFT,DECK white indicator,53,54,INTENSITY_U8,,,0x00>0x7F|0x7F>0x00,0x7F -> 0x00 or 0x00 -> 0x7F during documented DECK state update,Individual LEFT DECK indicator address. Observed transition is scoped to the documented state update; complete native state semantics are not established.,
DECK_BLUE_LEFT,HID_OUTPUT_REPORT,0x80,LEFT,DECK blue indicator,54,55,INTENSITY_U8,,,0x00>0x7F|0x7F>0x00,0x7F -> 0x00 or 0x00 -> 0x7F during documented DECK state update,Individual LEFT DECK indicator address. Observed transition is scoped to the documented state update; complete native state semantics are not established.,
HID_OUT_80_55,HID_OUTPUT_REPORT,0x80,LEFT,SHIFT_LEFT,55,56,BYTE_INTENSITY_U8_OBSERVED,,,0x14>0x7F|0x7F>0x14,,The HID field changes; individual light response is not independently established.,
HID_OUT_80_60,HID_OUTPUT_REPORT,0x80,LEFT,DECK_MODE_MULTILED_GROUP_LEFT,60,61,BYTE_INTENSITY_U8_OBSERVED,,,0x00>0x14|0x14>0x00,,Multiple LEDs change on the same mode event; individual attribution is unavailable. The HID field changes; individual light response is not independently established.,
HID_OUT_80_61,HID_OUTPUT_REPORT,0x80,LEFT,DECK_MODE_MULTILED_GROUP_LEFT,61,62,BYTE_INTENSITY_U8_OBSERVED,,,0x00>0x14|0x14>0x00,,Multiple LEDs change on the same mode event; individual attribution is unavailable. The HID field changes; individual light response is not independently established.,
HID_OUT_80_62,HID_OUTPUT_REPORT,0x80,LEFT,DECK_MODE_MULTILED_GROUP_LEFT,62,63,BYTE_INTENSITY_U8_OBSERVED,,,0x00>0x14|0x14>0x00,,Multiple LEDs change on the same mode event; individual attribution is unavailable. The HID field changes; individual light response is not independently established.,
HID_OUT_80_63,HID_OUTPUT_REPORT,0x80,LEFT,DECK_MODE_MULTILED_GROUP_LEFT,63,64,BYTE_INTENSITY_U8_OBSERVED,,,0x00>0x14|0x14>0x00,,Multiple LEDs change on the same mode event; individual attribution is unavailable. The HID field changes; individual light response is not independently established.,
HID_OUT_80_68,HID_OUTPUT_REPORT,0x80,LEFT,TOUCH_STRIP_LEFT_SEGMENT_BANK,68,69,BYTE_INTENSITY_U8_OBSERVED,,,0x00>0x7F|0x7F>0x00,,The HID field changes; individual light response is not independently established.,
HID_OUT_80_69,HID_OUTPUT_REPORT,0x80,LEFT,TOUCH_STRIP_LEFT_SEGMENT_BANK,69,70,BYTE_INTENSITY_U8_OBSERVED,,,0x00>0x7F|0x7F>0x00,,The HID field changes; individual light response is not independently established.,
HID_OUT_80_70,HID_OUTPUT_REPORT,0x80,LEFT,TOUCH_STRIP_LEFT_SEGMENT_BANK,70,71,BYTE_INTENSITY_U8_OBSERVED,,,0x00>0x7F|0x7F>0x00,,The HID field changes; individual light response is not independently established.,
HID_OUT_80_71,HID_OUTPUT_REPORT,0x80,LEFT,TOUCH_STRIP_LEFT_SEGMENT_BANK,71,72,BYTE_INTENSITY_U8_OBSERVED,,,0x00>0x7F|0x7F>0x00,,The HID field changes; individual light response is not independently established.,
HID_OUT_80_72,HID_OUTPUT_REPORT,0x80,LEFT,TOUCH_STRIP_LEFT_SEGMENT_BANK,72,73,BYTE_INTENSITY_U8_OBSERVED,,,0x00>0x7F|0x7F>0x00,,The HID field changes; individual light response is not independently established.,
HID_OUT_80_73,HID_OUTPUT_REPORT,0x80,LEFT,TOUCH_STRIP_LEFT_SEGMENT_BANK,73,74,BYTE_INTENSITY_U8_OBSERVED,,,0x00>0x7F|0x7F>0x00,,The HID field changes; individual light response is not independently established.,
HID_OUT_80_74,HID_OUTPUT_REPORT,0x80,LEFT,TOUCH_STRIP_LEFT_SEGMENT_BANK,74,75,BYTE_INTENSITY_U8_OBSERVED,,,0x00>0x7F|0x7F>0x00,,The HID field changes; individual light response is not independently established.,
HID_OUT_80_75,HID_OUTPUT_REPORT,0x80,LEFT,TOUCH_STRIP_LEFT_SEGMENT_BANK,75,76,BYTE_INTENSITY_U8_OBSERVED,,,0x00>0x7F|0x7F>0x00,,The HID field changes; individual light response is not independently established.,
HID_OUT_80_76,HID_OUTPUT_REPORT,0x80,LEFT,TOUCH_STRIP_LEFT_SEGMENT_BANK,76,77,BYTE_INTENSITY_U8_OBSERVED,,,0x00>0x7F|0x7F>0x00,,The HID field changes; individual light response is not independently established.,
HID_OUT_80_77,HID_OUTPUT_REPORT,0x80,LEFT,TOUCH_STRIP_LEFT_SEGMENT_BANK,77,78,BYTE_INTENSITY_U8_OBSERVED,,,0x00>0x7F|0x7F>0x00,,The HID field changes; individual light response is not independently established.,
HID_OUT_80_78,HID_OUTPUT_REPORT,0x80,LEFT,TOUCH_STRIP_LEFT_SEGMENT_BANK,78,79,BYTE_INTENSITY_U8_OBSERVED,,,0x00>0x7F|0x7F>0x00,,The HID field changes; individual light response is not independently established.,
HID_OUT_80_79,HID_OUTPUT_REPORT,0x80,LEFT,TOUCH_STRIP_LEFT_SEGMENT_BANK,79,80,BYTE_INTENSITY_U8_OBSERVED,,,0x00>0x7F|0x7F>0x00,,The HID field changes; individual light response is not independently established.,
HID_OUT_80_80,HID_OUTPUT_REPORT,0x80,LEFT,TOUCH_STRIP_LEFT_SEGMENT_BANK,80,81,BYTE_INTENSITY_U8_OBSERVED,,,0x00>0x7F|0x7F>0x00,,The HID field changes; individual light response is not independently established.,
HID_OUT_80_81,HID_OUTPUT_REPORT,0x80,LEFT,TOUCH_STRIP_LEFT_SEGMENT_BANK,81,82,BYTE_INTENSITY_U8_OBSERVED,,,0x00>0x7F|0x7F>0x00,,The HID field changes; individual light response is not independently established.,
HID_OUT_80_82,HID_OUTPUT_REPORT,0x80,LEFT,TOUCH_STRIP_LEFT_SEGMENT_BANK,82,83,BYTE_INTENSITY_U8_OBSERVED,,,0x00>0x7F|0x7F>0x00,,The HID field changes; individual light response is not independently established.,
HID_OUT_80_83,HID_OUTPUT_REPORT,0x80,LEFT,TOUCH_STRIP_LEFT_SEGMENT_BANK,83,84,BYTE_INTENSITY_U8_OBSERVED,,,0x00>0x7F|0x7F>0x00,,The HID field changes; individual light response is not independently established.,
HID_OUT_80_84,HID_OUTPUT_REPORT,0x80,LEFT,TOUCH_STRIP_LEFT_SEGMENT_BANK,84,85,BYTE_INTENSITY_U8_OBSERVED,,,0x00>0x7F|0x7F>0x00,,The HID field changes; individual light response is not independently established.,
HID_OUT_80_85,HID_OUTPUT_REPORT,0x80,LEFT,TOUCH_STRIP_LEFT_SEGMENT_BANK,85,86,BYTE_INTENSITY_U8_OBSERVED,,,0x00>0x7F|0x7F>0x00,,The HID field changes; individual light response is not independently established.,
HID_OUT_80_86,HID_OUTPUT_REPORT,0x80,LEFT,TOUCH_STRIP_LEFT_SEGMENT_BANK,86,87,BYTE_INTENSITY_U8_OBSERVED,,,0x00>0x7F|0x7F>0x00,,The HID field changes; individual light response is not independently established.,
HID_OUT_80_87,HID_OUTPUT_REPORT,0x80,LEFT,TOUCH_STRIP_LEFT_SEGMENT_BANK,87,88,BYTE_INTENSITY_U8_OBSERVED,,,0x00>0x7F|0x7F>0x00,,The HID field changes; individual light response is not independently established.,
HID_OUT_80_88,HID_OUTPUT_REPORT,0x80,LEFT,TOUCH_STRIP_LEFT_SEGMENT_BANK,88,89,BYTE_INTENSITY_U8_OBSERVED,,,0x00>0x7F|0x7F>0x00,,The HID field changes; individual light response is not independently established.,
HID_OUT_80_89,HID_OUTPUT_REPORT,0x80,LEFT,TOUCH_STRIP_LEFT_SEGMENT_BANK,89,90,BYTE_INTENSITY_U8_OBSERVED,,,0x00>0x7F|0x7F>0x00,,The HID field changes; individual light response is not independently established.,
HID_OUT_80_90,HID_OUTPUT_REPORT,0x80,LEFT,TOUCH_STRIP_LEFT_SEGMENT_BANK,90,91,BYTE_INTENSITY_U8_OBSERVED,,,0x00>0x7F|0x7F>0x00,,The HID field changes; individual light response is not independently established.,
HID_OUT_80_91,HID_OUTPUT_REPORT,0x80,LEFT,TOUCH_STRIP_LEFT_SEGMENT_BANK,91,92,BYTE_INTENSITY_U8_OBSERVED,,,0x00>0x7F|0x7F>0x00,,The HID field changes; individual light response is not independently established.,
HID_OUT_80_92,HID_OUTPUT_REPORT,0x80,LEFT,TOUCH_STRIP_LEFT_SEGMENT_BANK,92,93,BYTE_INTENSITY_U8_OBSERVED,,,0x00>0x7F|0x7F>0x00,,The HID field changes; individual light response is not independently established.,
HID_OUT_81_24,HID_OUTPUT_REPORT,0x81,RIGHT,FX_SELECT_CAPTURED_PAIR,24,25,BYTE_INTENSITY_U8_OBSERVED,,,0x14>0x7F|0x7F>0x14,,The HID field changes; individual light response is not independently established.,
HID_OUT_81_32,HID_OUTPUT_REPORT,0x81,RIGHT,DISPLAY_4_OR_8_RIGHT,32,33,BYTE_INTENSITY_U8_OBSERVED,,,0x00>0x7F|0x7F>0x00,,Four fields change together; D4 and D8 are not individually attributed. The HID field changes; individual light response is not independently established.,
HID_OUT_81_36,HID_OUTPUT_REPORT,0x81,RIGHT,DISPLAY_4_OR_8_RIGHT,36,37,BYTE_INTENSITY_U8_OBSERVED,,,0x00>0x7F|0x7F>0x00,,Four fields change together; D4 and D8 are not individually attributed. The HID field changes; individual light response is not independently established.,
HID_OUT_81_37,HID_OUTPUT_REPORT,0x81,RIGHT,BACK_RIGHT,37,38,BYTE_INTENSITY_U8_OBSERVED,,,0x14>0x7F|0x7F>0x14,,The HID field changes; individual light response is not independently established.,
HID_OUT_81_38,HID_OUTPUT_REPORT,0x81,RIGHT,CAPTURE_RIGHT,38,39,BYTE_INTENSITY_U8_OBSERVED,,,0x14>0x7F|0x7F>0x14,,The HID field changes; individual light response is not independently established.,
HID_OUT_81_39,HID_OUTPUT_REPORT,0x81,RIGHT,EDIT_RIGHT,39,40,BYTE_INTENSITY_U8_OBSERVED,,,0x14>0x7F|0x7F>0x14,,The HID field changes; individual light response is not independently established.,
HID_OUT_81_44,HID_OUTPUT_REPORT,0x81,RIGHT,DECK_MODE_MULTILED_GROUP_RIGHT,44,45,BYTE_INTENSITY_U8_OBSERVED,,,0x00>0x14|0x14>0x00,,Multiple LEDs change on the same mode event; individual attribution is unavailable. The HID field changes; individual light response is not independently established.,
HID_OUT_81_45,HID_OUTPUT_REPORT,0x81,RIGHT,HOTCUE_RIGHT,45,46,BYTE_INTENSITY_U8_OBSERVED,,,0x00>0x14|0x14>0x00|0x14>0x7F|0x7F>0x14,,The HID field changes; individual light response is not independently established.,
HID_OUT_81_46,HID_OUTPUT_REPORT,0x81,RIGHT,DECK_MODE_MULTILED_GROUP_RIGHT,46,47,BYTE_INTENSITY_U8_OBSERVED,,,0x00>0x14|0x14>0x00,,Multiple LEDs change on the same mode event; individual attribution is unavailable. The HID field changes; individual light response is not independently established.,
FREEZE_WHITE_RIGHT,HID_OUTPUT_REPORT,0x81,RIGHT,FREEZE white companion,48,49,BYTE_INTENSITY_U8_OBSERVED,,,0x00>0x14|0x14>0x00,,Multiple LEDs change on the same mode event; individual attribution is unavailable. The HID field changes; individual light response is not independently established.,
HID_OUT_81_50,HID_OUTPUT_REPORT,0x81,RIGHT,DECK_MODE_MULTILED_GROUP_RIGHT,50,51,BYTE_INTENSITY_U8_OBSERVED,,,0x00>0x14|0x14>0x00,,Multiple LEDs change on the same mode event; individual attribution is unavailable. The HID field changes; individual light response is not independently established.,
DECK_WHITE_RIGHT,HID_OUTPUT_REPORT,0x81,RIGHT,DECK white indicator,53,54,INTENSITY_U8,,,0x00>0x7F|0x7F>0x00,0x7F -> 0x00 or 0x00 -> 0x7F during documented DECK state update,Individual RIGHT DECK indicator address. Observed transition is scoped to the documented state update; complete native state semantics are not established.,
DECK_BLUE_RIGHT,HID_OUTPUT_REPORT,0x81,RIGHT,DECK blue indicator,54,55,INTENSITY_U8,,,0x00>0x7F|0x7F>0x00,0x7F -> 0x00 or 0x00 -> 0x7F during documented DECK state update,Individual RIGHT DECK indicator address. Observed transition is scoped to the documented state update; complete native state semantics are not established.,
HID_OUT_81_55,HID_OUTPUT_REPORT,0x81,RIGHT,SHIFT_RIGHT,55,56,BYTE_INTENSITY_U8_OBSERVED,,,0x14>0x7F|0x7F>0x14,,The HID field changes; individual light response is not independently established.,
HID_OUT_81_60,HID_OUTPUT_REPORT,0x81,RIGHT,DECK_MODE_MULTILED_GROUP_RIGHT,60,61,BYTE_INTENSITY_U8_OBSERVED,,,0x00>0x14|0x14>0x00,,Multiple LEDs change on the same mode event; individual attribution is unavailable. The HID field changes; individual light response is not independently established.,
HID_OUT_81_61,HID_OUTPUT_REPORT,0x81,RIGHT,DECK_MODE_MULTILED_GROUP_RIGHT,61,62,BYTE_INTENSITY_U8_OBSERVED,,,0x00>0x14|0x14>0x00,,Multiple LEDs change on the same mode event; individual attribution is unavailable. The HID field changes; individual light response is not independently established.,
HID_OUT_81_62,HID_OUTPUT_REPORT,0x81,RIGHT,DECK_MODE_MULTILED_GROUP_RIGHT,62,63,BYTE_INTENSITY_U8_OBSERVED,,,0x00>0x14|0x14>0x00,,Multiple LEDs change on the same mode event; individual attribution is unavailable. The HID field changes; individual light response is not independently established.,
HID_OUT_81_63,HID_OUTPUT_REPORT,0x81,RIGHT,DECK_MODE_MULTILED_GROUP_RIGHT,63,64,BYTE_INTENSITY_U8_OBSERVED,,,0x00>0x14|0x14>0x00,,Multiple LEDs change on the same mode event; individual attribution is unavailable. The HID field changes; individual light response is not independently established.,
HID_OUT_81_68,HID_OUTPUT_REPORT,0x81,RIGHT,TOUCH_STRIP_RIGHT_SEGMENT_BANK,68,69,BYTE_INTENSITY_U8_OBSERVED,,,0x00>0x7F|0x7F>0x00,,The HID field changes; individual light response is not independently established.,
HID_OUT_81_69,HID_OUTPUT_REPORT,0x81,RIGHT,TOUCH_STRIP_RIGHT_SEGMENT_BANK,69,70,BYTE_INTENSITY_U8_OBSERVED,,,0x00>0x7F|0x7F>0x00,,The HID field changes; individual light response is not independently established.,
HID_OUT_81_70,HID_OUTPUT_REPORT,0x81,RIGHT,TOUCH_STRIP_RIGHT_SEGMENT_BANK,70,71,BYTE_INTENSITY_U8_OBSERVED,,,0x00>0x7F|0x7F>0x00,,The HID field changes; individual light response is not independently established.,
HID_OUT_81_71,HID_OUTPUT_REPORT,0x81,RIGHT,TOUCH_STRIP_RIGHT_SEGMENT_BANK,71,72,BYTE_INTENSITY_U8_OBSERVED,,,0x00>0x7F|0x7F>0x00,,The HID field changes; individual light response is not independently established.,
HID_OUT_81_72,HID_OUTPUT_REPORT,0x81,RIGHT,TOUCH_STRIP_RIGHT_SEGMENT_BANK,72,73,BYTE_INTENSITY_U8_OBSERVED,,,0x00>0x7F|0x7F>0x00,,The HID field changes; individual light response is not independently established.,
HID_OUT_81_73,HID_OUTPUT_REPORT,0x81,RIGHT,TOUCH_STRIP_RIGHT_SEGMENT_BANK,73,74,BYTE_INTENSITY_U8_OBSERVED,,,0x00>0x7F|0x7F>0x00,,The HID field changes; individual light response is not independently established.,
HID_OUT_81_74,HID_OUTPUT_REPORT,0x81,RIGHT,TOUCH_STRIP_RIGHT_SEGMENT_BANK,74,75,BYTE_INTENSITY_U8_OBSERVED,,,0x00>0x7F|0x7F>0x00,,The HID field changes; individual light response is not independently established.,
HID_OUT_81_75,HID_OUTPUT_REPORT,0x81,RIGHT,TOUCH_STRIP_RIGHT_SEGMENT_BANK,75,76,BYTE_INTENSITY_U8_OBSERVED,,,0x00>0x7F|0x7F>0x00,,The HID field changes; individual light response is not independently established.,
HID_OUT_81_76,HID_OUTPUT_REPORT,0x81,RIGHT,TOUCH_STRIP_RIGHT_SEGMENT_BANK,76,77,BYTE_INTENSITY_U8_OBSERVED,,,0x00>0x7F|0x7F>0x00,,The HID field changes; individual light response is not independently established.,
HID_OUT_81_77,HID_OUTPUT_REPORT,0x81,RIGHT,TOUCH_STRIP_RIGHT_SEGMENT_BANK,77,78,BYTE_INTENSITY_U8_OBSERVED,,,0x00>0x7F|0x7F>0x00,,The HID field changes; individual light response is not independently established.,
HID_OUT_81_78,HID_OUTPUT_REPORT,0x81,RIGHT,TOUCH_STRIP_RIGHT_SEGMENT_BANK,78,79,BYTE_INTENSITY_U8_OBSERVED,,,0x00>0x7F|0x7F>0x00,,The HID field changes; individual light response is not independently established.,
HID_OUT_81_79,HID_OUTPUT_REPORT,0x81,RIGHT,TOUCH_STRIP_RIGHT_SEGMENT_BANK,79,80,BYTE_INTENSITY_U8_OBSERVED,,,0x00>0x7F|0x7F>0x00,,The HID field changes; individual light response is not independently established.,
HID_OUT_81_80,HID_OUTPUT_REPORT,0x81,RIGHT,TOUCH_STRIP_RIGHT_SEGMENT_BANK,80,81,BYTE_INTENSITY_U8_OBSERVED,,,0x00>0x7F|0x7F>0x00,,The HID field changes; individual light response is not independently established.,
HID_OUT_81_81,HID_OUTPUT_REPORT,0x81,RIGHT,TOUCH_STRIP_RIGHT_SEGMENT_BANK,81,82,BYTE_INTENSITY_U8_OBSERVED,,,0x00>0x7F|0x7F>0x00,,The HID field changes; individual light response is not independently established.,
HID_OUT_81_82,HID_OUTPUT_REPORT,0x81,RIGHT,TOUCH_STRIP_RIGHT_SEGMENT_BANK,82,83,BYTE_INTENSITY_U8_OBSERVED,,,0x00>0x7F|0x7F>0x00,,The HID field changes; individual light response is not independently established.,
HID_OUT_81_83,HID_OUTPUT_REPORT,0x81,RIGHT,TOUCH_STRIP_RIGHT_SEGMENT_BANK,83,84,BYTE_INTENSITY_U8_OBSERVED,,,0x00>0x7F|0x7F>0x00,,The HID field changes; individual light response is not independently established.,
HID_OUT_81_84,HID_OUTPUT_REPORT,0x81,RIGHT,TOUCH_STRIP_RIGHT_SEGMENT_BANK,84,85,BYTE_INTENSITY_U8_OBSERVED,,,0x00>0x7F|0x7F>0x00,,The HID field changes; individual light response is not independently established.,
HID_OUT_81_85,HID_OUTPUT_REPORT,0x81,RIGHT,TOUCH_STRIP_RIGHT_SEGMENT_BANK,85,86,BYTE_INTENSITY_U8_OBSERVED,,,0x00>0x7F|0x7F>0x00,,The HID field changes; individual light response is not independently established.,
HID_OUT_81_86,HID_OUTPUT_REPORT,0x81,RIGHT,TOUCH_STRIP_RIGHT_SEGMENT_BANK,86,87,BYTE_INTENSITY_U8_OBSERVED,,,0x00>0x7F|0x7F>0x00,,The HID field changes; individual light response is not independently established.,
HID_OUT_81_87,HID_OUTPUT_REPORT,0x81,RIGHT,TOUCH_STRIP_RIGHT_SEGMENT_BANK,87,88,BYTE_INTENSITY_U8_OBSERVED,,,0x00>0x7F|0x7F>0x00,,The HID field changes; individual light response is not independently established.,
HID_OUT_81_88,HID_OUTPUT_REPORT,0x81,RIGHT,TOUCH_STRIP_RIGHT_SEGMENT_BANK,88,89,BYTE_INTENSITY_U8_OBSERVED,,,0x00>0x7F|0x7F>0x00,,The HID field changes; individual light response is not independently established.,
HID_OUT_81_89,HID_OUTPUT_REPORT,0x81,RIGHT,TOUCH_STRIP_RIGHT_SEGMENT_BANK,89,90,BYTE_INTENSITY_U8_OBSERVED,,,0x00>0x7F|0x7F>0x00,,The HID field changes; individual light response is not independently established.,
HID_OUT_81_90,HID_OUTPUT_REPORT,0x81,RIGHT,TOUCH_STRIP_RIGHT_SEGMENT_BANK,90,91,BYTE_INTENSITY_U8_OBSERVED,,,0x00>0x7F|0x7F>0x00,,The HID field changes; individual light response is not independently established.,
HID_OUT_81_91,HID_OUTPUT_REPORT,0x81,RIGHT,TOUCH_STRIP_RIGHT_SEGMENT_BANK,91,92,BYTE_INTENSITY_U8_OBSERVED,,,0x00>0x7F|0x7F>0x00,,The HID field changes; individual light response is not independently established.,
HID_OUT_81_92,HID_OUTPUT_REPORT,0x81,RIGHT,TOUCH_STRIP_RIGHT_SEGMENT_BANK,92,93,BYTE_INTENSITY_U8_OBSERVED,,,0x00>0x7F|0x7F>0x00,,The HID field changes; individual light response is not independently established.,
HID_OUT_82_44,HID_OUTPUT_REPORT,0x82,MIXER,FX_ASSIGN1_C,44,45,BYTE_INTENSITY_U8_OBSERVED,,,0x14>0x7F|0x7F>0x14,,The HID field changes; individual light response is not independently established.,
HID_OUT_82_45,HID_OUTPUT_REPORT,0x82,MIXER,FX_ASSIGN2_C,45,46,BYTE_INTENSITY_U8_OBSERVED,,,0x14>0x7F|0x7F>0x14,,The HID field changes; individual light response is not independently established.,
HID_OUT_82_52,HID_OUTPUT_REPORT,0x82,MIXER,FX_ASSIGN1_D,52,53,BYTE_INTENSITY_U8_OBSERVED,,,0x14>0x7F|0x7F>0x14,,The HID field changes; individual light response is not independently established.,
HID_OUT_82_53,HID_OUTPUT_REPORT,0x82,MIXER,FX_ASSIGN2_D,53,54,BYTE_INTENSITY_U8_OBSERVED,,,0x14>0x7F|0x7F>0x14,,The HID field changes; individual light response is not independently established.,
