control_id,physical_label,section,side_channel,physical_component_type,assembly_id,related_control_ids,signal_type,report_id,report_length,encoding,endianness,signedness,idle_value,active_value,press_edge,release_edge,direction,cw_code,ccw_code,observed_min,observed_max,resolution_observed,touch_control_id,push_control_id,reconciliation_status,confidence,byte_offset_with_report_id,payload_offset_without_report_id,field_width,bit_mask,bit_mask_hex,byte_masks,shift,modulus,canonical_view_length,canonical_view_kind,compatible_carrier_lengths,evidence_state,evidence_ref,ambiguity,behavior
BtnBackButtonLeft,BACK_LEFT,DECK,LEFT,BUTTON,BtnBackButtonLeft,[],BUTTON,1,41,BITFIELD,,,0,1,INACTIVE_TO_ACTIVE,ACTIVE_TO_INACTIVE,,,,,,,,,CORRECTED_WITH_EVIDENCE,PHYSICAL_DIRECT_OR_APPROVED_CANONICAL,6,5,1,128,0x80,"[""0x80""]",7,,41,EXACT_CANONICAL_FAMILY,[109],OBSERVATIONAL_BASELINE,H01,NONE_RECORDED_IN_THIS_DERIVATION,Normalized state idle=0; active=1; PRESS=INACTIVE_TO_ACTIVE; RELEASE=ACTIVE_TO_INACTIVE
BtnBackButtonRight,BACK_RIGHT,DECK,RIGHT,BUTTON,BtnBackButtonRight,[],BUTTON,1,41,BITFIELD,,,0,1,PRESS_AND_RELEASE,,,,,,,,,,CONFIRMED,PHYSICAL_DIRECT_OR_APPROVED_CANONICAL,14,13,1,128,0x80,"[""0x80""]",7,,41,EXACT_CANONICAL_FAMILY,[109],OBSERVATIONAL_BASELINE,H01,NONE_RECORDED_IN_THIS_DERIVATION,Normalized state idle=0; active=1; PRESS=PRESS_AND_RELEASE; RELEASE=None
BtnBrowseKnobLeft,BROWSE_LEFT_PUSH,DECK / LEFT,LEFT,BUTTON,ASSEMBLY_BROWSEKNOBLEFT,"[""CapBrowseKnobLeft"",""EncBrowseKnobLeft""]",PUSH,1,109,BITFIELD,,,0,1,INACTIVE_TO_ACTIVE,ACTIVE_TO_INACTIVE,,,,,,,CapBrowseKnobLeft,BtnBrowseKnobLeft,ADDED_BY_LATER_CAPTURE,CONFIRMED,4,3,1,8,0x08,"[""0x08""]",,,41,CANONICAL_PREFIX_COMPATIBLE_CARRIER,[],OBSERVATIONAL_BASELINE,H01,NONE_RECORDED_IN_THIS_DERIVATION,Normalized state idle=0; active=1; PRESS=INACTIVE_TO_ACTIVE; RELEASE=ACTIVE_TO_INACTIVE
BtnBrowseKnobRight,BROWSE_RIGHT_PUSH,DECK / RIGHT,RIGHT,BUTTON,ASSEMBLY_BROWSEKNOBRIGHT,"[""CapBrowseKnobRight"",""EncBrowseKnobRight""]",PUSH,1,109,BITFIELD,,,0,1,INACTIVE_TO_ACTIVE,ACTIVE_TO_INACTIVE,,,,,,,CapBrowseKnobRight,BtnBrowseKnobRight,ADDED_BY_LATER_CAPTURE,CONFIRMED,12,11,1,8,0x08,"[""0x08""]",,,41,CANONICAL_PREFIX_COMPATIBLE_CARRIER,[],OBSERVATIONAL_BASELINE,H01,NONE_RECORDED_IN_THIS_DERIVATION,Normalized state idle=0; active=1; PRESS=INACTIVE_TO_ACTIVE; RELEASE=ACTIVE_TO_INACTIVE
BtnCaptureButtonLeft,CAPTURE_LEFT,DECK,LEFT,BUTTON,BtnCaptureButtonLeft,[],BUTTON,1,41,BITFIELD,,,0,1,INACTIVE_TO_ACTIVE,ACTIVE_TO_INACTIVE,,,,,,,,,CONFIRMED_MULTIPLE_SOURCES,PHYSICAL_DIRECT_OR_APPROVED_CANONICAL,6,5,1,32,0x20,"[""0x20""]",5,,41,EXACT_CANONICAL_FAMILY,[109],OBSERVATIONAL_BASELINE,H01,NONE_RECORDED_IN_THIS_DERIVATION,Normalized state idle=0; active=1; PRESS=INACTIVE_TO_ACTIVE; RELEASE=ACTIVE_TO_INACTIVE
BtnCaptureButtonRight,CAPTURE_RIGHT,DECK,RIGHT,BUTTON,BtnCaptureButtonRight,[],BUTTON,1,41,BITFIELD,,,0,1,INACTIVE_TO_ACTIVE,ACTIVE_TO_INACTIVE,,,,,,,,,CONFIRMED_MULTIPLE_SOURCES,PHYSICAL_DIRECT_OR_APPROVED_CANONICAL,14,13,1,32,0x20,"[""0x20""]",5,,41,EXACT_CANONICAL_FAMILY,[109],OBSERVATIONAL_BASELINE,H01,NONE_RECORDED_IN_THIS_DERIVATION,Normalized state idle=0; active=1; PRESS=INACTIVE_TO_ACTIVE; RELEASE=ACTIVE_TO_INACTIVE
BtnCueButtonLeft,DECK_LEFT_CUE,DECK,LEFT,BUTTON,BtnCueButtonLeft,[],BUTTON,1,41,BITFIELD,,,0,1,PRESS_AND_RELEASE,,,,,,,,,,CONFIRMED,PHYSICAL_DIRECT_OR_APPROVED_CANONICAL,9,8,1,32,0x20,"[""0x20""]",5,,41,EXACT_CANONICAL_FAMILY,[109],OBSERVATIONAL_BASELINE,H01,NONE_RECORDED_IN_THIS_DERIVATION,Normalized state idle=0; active=1; PRESS=PRESS_AND_RELEASE; RELEASE=None
BtnCueButtonRight,DECK_RIGHT_CUE,DECK,RIGHT,BUTTON,BtnCueButtonRight,[],BUTTON,1,41,BITFIELD,,,0,1,INACTIVE_TO_ACTIVE,ACTIVE_TO_INACTIVE,,,,,,,,,CONFIRMED_MULTIPLE_SOURCES,PHYSICAL_DIRECT_OR_APPROVED_CANONICAL,17,16,1,32,0x20,"[""0x20""]",5,,41,EXACT_CANONICAL_FAMILY,[109],OBSERVATIONAL_BASELINE,H01,NONE_RECORDED_IN_THIS_DERIVATION,Normalized state idle=0; active=1; PRESS=INACTIVE_TO_ACTIVE; RELEASE=ACTIVE_TO_INACTIVE
BtnEditButtonLeft,EDIT_LEFT,DECK,LEFT,BUTTON,BtnEditButtonLeft,[],BUTTON,1,41,BITFIELD,,,0,1,INACTIVE_TO_ACTIVE,ACTIVE_TO_INACTIVE,,,,,,,,,CONFIRMED_MULTIPLE_SOURCES,PHYSICAL_DIRECT_OR_APPROVED_CANONICAL,6,5,1,1,0x01,"[""0x01""]",0,,41,EXACT_CANONICAL_FAMILY,[109],OBSERVATIONAL_BASELINE,H01,NONE_RECORDED_IN_THIS_DERIVATION,Normalized state idle=0; active=1; PRESS=INACTIVE_TO_ACTIVE; RELEASE=ACTIVE_TO_INACTIVE
BtnEditButtonRight,EDIT_RIGHT,DECK,RIGHT,BUTTON,BtnEditButtonRight,[],BUTTON,1,41,BITFIELD,,,0,1,INACTIVE_TO_ACTIVE,ACTIVE_TO_INACTIVE,,,,,,,,,CONFIRMED_MULTIPLE_SOURCES,PHYSICAL_DIRECT_OR_APPROVED_CANONICAL,14,13,1,1,0x01,"[""0x01""]",0,,41,EXACT_CANONICAL_FAMILY,[109],OBSERVATIONAL_BASELINE,H01,NONE_RECORDED_IN_THIS_DERIVATION,Normalized state idle=0; active=1; PRESS=INACTIVE_TO_ACTIVE; RELEASE=ACTIVE_TO_INACTIVE
BtnFluxButtonLeft,FLUX_LEFT,DECK,LEFT,BUTTON,BtnFluxButtonLeft,[],BUTTON,1,41,BITFIELD,,,0,1,PRESS_AND_RELEASE,,,,,,,,,,CONFIRMED,PHYSICAL_DIRECT_OR_APPROVED_CANONICAL,8,7,1,16,0x10,"[""0x10""]",4,,41,EXACT_CANONICAL_FAMILY,[109],OBSERVATIONAL_BASELINE,H01,NONE_RECORDED_IN_THIS_DERIVATION,Normalized state idle=0; active=1; PRESS=PRESS_AND_RELEASE; RELEASE=None
BtnFluxButtonRight,FLUX_RIGHT,DECK,RIGHT,BUTTON,BtnFluxButtonRight,[],BUTTON,1,41,BITFIELD,,,0,1,INACTIVE_TO_ACTIVE,ACTIVE_TO_INACTIVE,,,,,,,,,CONFIRMED_MULTIPLE_SOURCES,PHYSICAL_DIRECT_OR_APPROVED_CANONICAL,16,15,1,16,0x10,"[""0x10""]",4,,41,EXACT_CANONICAL_FAMILY,[109],OBSERVATIONAL_BASELINE,H01,NONE_RECORDED_IN_THIS_DERIVATION,Normalized state idle=0; active=1; PRESS=INACTIVE_TO_ACTIVE; RELEASE=ACTIVE_TO_INACTIVE
BtnFx1ButtonLeft,FX_1_LEFT,FX,LEFT,BUTTON,BtnFx1ButtonLeft,[],BUTTON,1,41,BITFIELD,,,0,1,INACTIVE_TO_ACTIVE,ACTIVE_TO_INACTIVE,,,,,,,,,CONFIRMED_MULTIPLE_SOURCES,PHYSICAL_DIRECT_OR_APPROVED_CANONICAL,4,3,1,128,0x80,"[""0x80""]",7,,41,EXACT_CANONICAL_FAMILY,[109],OBSERVATIONAL_BASELINE,H01,NONE_RECORDED_IN_THIS_DERIVATION,Normalized state idle=0; active=1; PRESS=INACTIVE_TO_ACTIVE; RELEASE=ACTIVE_TO_INACTIVE
BtnFx1ButtonRight,FX_1_RIGHT,FX,RIGHT,BUTTON,BtnFx1ButtonRight,[],BUTTON,1,41,BITFIELD,,,0,1,INACTIVE_TO_ACTIVE,ACTIVE_TO_INACTIVE,,,,,,,,,CONFIRMED_MULTIPLE_SOURCES,PHYSICAL_DIRECT_OR_APPROVED_CANONICAL,12,11,1,128,0x80,"[""0x80""]",7,,41,EXACT_CANONICAL_FAMILY,[109],OBSERVATIONAL_BASELINE,H01,NONE_RECORDED_IN_THIS_DERIVATION,Normalized state idle=0; active=1; PRESS=INACTIVE_TO_ACTIVE; RELEASE=ACTIVE_TO_INACTIVE
BtnFx2ButtonLeft,FX_2_LEFT,FX,LEFT,BUTTON,BtnFx2ButtonLeft,[],BUTTON,1,41,BITFIELD,,,0,1,INACTIVE_TO_ACTIVE,ACTIVE_TO_INACTIVE,,,,,,,,,CONFIRMED_MULTIPLE_SOURCES,PHYSICAL_DIRECT_OR_APPROVED_CANONICAL,5,4,1,4,0x04,"[""0x04""]",2,,41,EXACT_CANONICAL_FAMILY,[109],OBSERVATIONAL_BASELINE,H01,NONE_RECORDED_IN_THIS_DERIVATION,Normalized state idle=0; active=1; PRESS=INACTIVE_TO_ACTIVE; RELEASE=ACTIVE_TO_INACTIVE
BtnFx2ButtonRight,FX_2_RIGHT,FX,RIGHT,BUTTON,BtnFx2ButtonRight,[],BUTTON,1,41,BITFIELD,,,0,1,INACTIVE_TO_ACTIVE,ACTIVE_TO_INACTIVE,,,,,,,,,CONFIRMED_MULTIPLE_SOURCES,PHYSICAL_DIRECT_OR_APPROVED_CANONICAL,13,12,1,4,0x04,"[""0x04""]",2,,41,EXACT_CANONICAL_FAMILY,[109],OBSERVATIONAL_BASELINE,H01,NONE_RECORDED_IN_THIS_DERIVATION,Normalized state idle=0; active=1; PRESS=INACTIVE_TO_ACTIVE; RELEASE=ACTIVE_TO_INACTIVE
BtnFx3ButtonLeft,FX_3_LEFT,FX,LEFT,BUTTON,BtnFx3ButtonLeft,[],BUTTON,1,41,BITFIELD,,,0,1,INACTIVE_TO_ACTIVE,ACTIVE_TO_INACTIVE,,,,,,,,,CONFIRMED_MULTIPLE_SOURCES,PHYSICAL_DIRECT_OR_APPROVED_CANONICAL,5,4,1,2,0x02,"[""0x02""]",1,,41,EXACT_CANONICAL_FAMILY,[109],OBSERVATIONAL_BASELINE,H01,NONE_RECORDED_IN_THIS_DERIVATION,Normalized state idle=0; active=1; PRESS=INACTIVE_TO_ACTIVE; RELEASE=ACTIVE_TO_INACTIVE
BtnFx3ButtonRight,FX_3_RIGHT,FX,RIGHT,BUTTON,BtnFx3ButtonRight,[],BUTTON,1,41,BITFIELD,,,0,1,INACTIVE_TO_ACTIVE,ACTIVE_TO_INACTIVE,,,,,,,,,CONFIRMED_MULTIPLE_SOURCES,PHYSICAL_DIRECT_OR_APPROVED_CANONICAL,13,12,1,2,0x02,"[""0x02""]",1,,41,EXACT_CANONICAL_FAMILY,[109],OBSERVATIONAL_BASELINE,H01,NONE_RECORDED_IN_THIS_DERIVATION,Normalized state idle=0; active=1; PRESS=INACTIVE_TO_ACTIVE; RELEASE=ACTIVE_TO_INACTIVE
BtnFx4ButtonLeft,FX_4_LEFT,FX,LEFT,BUTTON,BtnFx4ButtonLeft,[],BUTTON,1,41,BITFIELD,,,0,1,INACTIVE_TO_ACTIVE,ACTIVE_TO_INACTIVE,,,,,,,,,CONFIRMED_MULTIPLE_SOURCES,PHYSICAL_DIRECT_OR_APPROVED_CANONICAL,5,4,1,1,0x01,"[""0x01""]",0,,41,EXACT_CANONICAL_FAMILY,[109],OBSERVATIONAL_BASELINE,H01,NONE_RECORDED_IN_THIS_DERIVATION,Normalized state idle=0; active=1; PRESS=INACTIVE_TO_ACTIVE; RELEASE=ACTIVE_TO_INACTIVE
BtnFx4ButtonRight,FX_4_RIGHT,FX,RIGHT,BUTTON,BtnFx4ButtonRight,[],BUTTON,1,41,BITFIELD,,,0,1,INACTIVE_TO_ACTIVE,ACTIVE_TO_INACTIVE,,,,,,,,,CONFIRMED_MULTIPLE_SOURCES,PHYSICAL_DIRECT_OR_APPROVED_CANONICAL,13,12,1,1,0x01,"[""0x01""]",0,,41,EXACT_CANONICAL_FAMILY,[109],OBSERVATIONAL_BASELINE,H01,NONE_RECORDED_IN_THIS_DERIVATION,Normalized state idle=0; active=1; PRESS=INACTIVE_TO_ACTIVE; RELEASE=ACTIVE_TO_INACTIVE
BtnFxassLAMixer,FXASS_LA,MIXER,A,BUTTON,BtnFxassLAMixer,[],BUTTON,1,41,BITFIELD,,,0,1,INACTIVE_TO_ACTIVE,ACTIVE_TO_INACTIVE,,,,,,,,,CONFIRMED_MULTIPLE_SOURCES,PHYSICAL_DIRECT_OR_APPROVED_CANONICAL,22,21,1,32,0x20,"[""0x20""]",5,,41,EXACT_CANONICAL_FAMILY,[109],OBSERVATIONAL_BASELINE,H01,NONE_RECORDED_IN_THIS_DERIVATION,Normalized state idle=0; active=1; PRESS=INACTIVE_TO_ACTIVE; RELEASE=ACTIVE_TO_INACTIVE
BtnFxassLBMixer,FXASS_LB,MIXER,B,BUTTON,BtnFxassLBMixer,[],BUTTON,1,41,BITFIELD,,,0,1,INACTIVE_TO_ACTIVE,ACTIVE_TO_INACTIVE,,,,,,,,,CONFIRMED_MULTIPLE_SOURCES,PHYSICAL_DIRECT_OR_APPROVED_CANONICAL,25,24,1,16,0x10,"[""0x10""]",4,,41,EXACT_CANONICAL_FAMILY,[109],OBSERVATIONAL_BASELINE,H01,NONE_RECORDED_IN_THIS_DERIVATION,Normalized state idle=0; active=1; PRESS=INACTIVE_TO_ACTIVE; RELEASE=ACTIVE_TO_INACTIVE
BtnFxassLCMixer,FXASS_LC,MIXER,C,BUTTON,BtnFxassLCMixer,[],BUTTON,1,41,BITFIELD,,,0,1,INACTIVE_TO_ACTIVE,ACTIVE_TO_INACTIVE,,,,,,,,,CONFIRMED_MULTIPLE_SOURCES,PHYSICAL_DIRECT_OR_APPROVED_CANONICAL,22,21,1,8,0x08,"[""0x08""]",3,,41,EXACT_CANONICAL_FAMILY,[109],OBSERVATIONAL_BASELINE,H01,NONE_RECORDED_IN_THIS_DERIVATION,Normalized state idle=0; active=1; PRESS=INACTIVE_TO_ACTIVE; RELEASE=ACTIVE_TO_INACTIVE
BtnFxassLDMixer,FXASS_LD,MIXER,D,BUTTON,BtnFxassLDMixer,[],BUTTON,1,41,BITFIELD,,,0,1,INACTIVE_TO_ACTIVE,ACTIVE_TO_INACTIVE,,,,,,,,,CONFIRMED_MULTIPLE_SOURCES,PHYSICAL_DIRECT_OR_APPROVED_CANONICAL,25,24,1,64,0x40,"[""0x40""]",6,,41,EXACT_CANONICAL_FAMILY,[109],OBSERVATIONAL_BASELINE,H01,NONE_RECORDED_IN_THIS_DERIVATION,Normalized state idle=0; active=1; PRESS=INACTIVE_TO_ACTIVE; RELEASE=ACTIVE_TO_INACTIVE
BtnFxassRAMixer,FXASS_RA,MIXER,A,BUTTON,BtnFxassRAMixer,[],BUTTON,1,41,BITFIELD,,,0,1,INACTIVE_TO_ACTIVE,ACTIVE_TO_INACTIVE,,,,,,,,,CONFIRMED_MULTIPLE_SOURCES,PHYSICAL_DIRECT_OR_APPROVED_CANONICAL,22,21,1,64,0x40,"[""0x40""]",6,,41,EXACT_CANONICAL_FAMILY,[109],OBSERVATIONAL_BASELINE,H01,NONE_RECORDED_IN_THIS_DERIVATION,Normalized state idle=0; active=1; PRESS=INACTIVE_TO_ACTIVE; RELEASE=ACTIVE_TO_INACTIVE
BtnFxassRBMixer,FXASS_RB,MIXER,B,BUTTON,BtnFxassRBMixer,[],BUTTON,1,41,BITFIELD,,,0,1,INACTIVE_TO_ACTIVE,ACTIVE_TO_INACTIVE,,,,,,,,,CONFIRMED_MULTIPLE_SOURCES,PHYSICAL_DIRECT_OR_APPROVED_CANONICAL,25,24,1,32,0x20,"[""0x20""]",5,,41,EXACT_CANONICAL_FAMILY,[109],OBSERVATIONAL_BASELINE,H01,NONE_RECORDED_IN_THIS_DERIVATION,Normalized state idle=0; active=1; PRESS=INACTIVE_TO_ACTIVE; RELEASE=ACTIVE_TO_INACTIVE
BtnFxassRCMixer,FXASS_RC,MIXER,C,BUTTON,BtnFxassRCMixer,[],BUTTON,1,41,BITFIELD,,,0,1,INACTIVE_TO_ACTIVE,ACTIVE_TO_INACTIVE,,,,,,,,,CONFIRMED_MULTIPLE_SOURCES,PHYSICAL_DIRECT_OR_APPROVED_CANONICAL,22,21,1,16,0x10,"[""0x10""]",4,,41,EXACT_CANONICAL_FAMILY,[109],OBSERVATIONAL_BASELINE,H01,NONE_RECORDED_IN_THIS_DERIVATION,Normalized state idle=0; active=1; PRESS=INACTIVE_TO_ACTIVE; RELEASE=ACTIVE_TO_INACTIVE
BtnFxassRDMixer,FXASS_RD,MIXER,D,BUTTON,BtnFxassRDMixer,[],BUTTON,1,41,BITFIELD,,,0,1,INACTIVE_TO_ACTIVE,ACTIVE_TO_INACTIVE,,,,,,,,,CONFIRMED_MULTIPLE_SOURCES,PHYSICAL_DIRECT_OR_APPROVED_CANONICAL,25,24,1,128,0x80,"[""0x80""]",7,,41,EXACT_CANONICAL_FAMILY,[109],OBSERVATIONAL_BASELINE,H01,NONE_RECORDED_IN_THIS_DERIVATION,Normalized state idle=0; active=1; PRESS=INACTIVE_TO_ACTIVE; RELEASE=ACTIVE_TO_INACTIVE
BtnHotcueButtonLeft,HOTCUE_LEFT,DECK,LEFT,BUTTON,BtnHotcueButtonLeft,[],BUTTON,1,41,BITFIELD,,,0,1,INACTIVE_TO_ACTIVE,ACTIVE_TO_INACTIVE,,,,,,,,,CONFIRMED_MULTIPLE_SOURCES,PHYSICAL_DIRECT_OR_APPROVED_CANONICAL,9,8,1,8,0x08,"[""0x08""]",3,,41,EXACT_CANONICAL_FAMILY,[109],OBSERVATIONAL_BASELINE,H01,NONE_RECORDED_IN_THIS_DERIVATION,Normalized state idle=0; active=1; PRESS=INACTIVE_TO_ACTIVE; RELEASE=ACTIVE_TO_INACTIVE
BtnHotcueButtonRight,HOTCUE_RIGHT,DECK,RIGHT,BUTTON,BtnHotcueButtonRight,[],BUTTON,1,41,BITFIELD,,,0,1,INACTIVE_TO_ACTIVE,ACTIVE_TO_INACTIVE,,,,,,,,,CONFIRMED_MULTIPLE_SOURCES,PHYSICAL_DIRECT_OR_APPROVED_CANONICAL,17,16,1,8,0x08,"[""0x08""]",3,,41,EXACT_CANONICAL_FAMILY,[109],OBSERVATIONAL_BASELINE,H01,NONE_RECORDED_IN_THIS_DERIVATION,Normalized state idle=0; active=1; PRESS=INACTIVE_TO_ACTIVE; RELEASE=ACTIVE_TO_INACTIVE
BtnLoopButtonLeft,LOOP_LEFT,DECK,LEFT,BUTTON,BtnLoopButtonLeft,[],BUTTON,1,41,BITFIELD,,,0,1,INACTIVE_TO_ACTIVE,ACTIVE_TO_INACTIVE,,,,,,,,,CONFIRMED_MULTIPLE_SOURCES,PHYSICAL_DIRECT_OR_APPROVED_CANONICAL,9,8,1,4,0x04,"[""0x04""]",2,,41,EXACT_CANONICAL_FAMILY,[109],OBSERVATIONAL_BASELINE,H01,NONE_RECORDED_IN_THIS_DERIVATION,Normalized state idle=0; active=1; PRESS=INACTIVE_TO_ACTIVE; RELEASE=ACTIVE_TO_INACTIVE
BtnLoopButtonRight,LOOP_RIGHT,DECK,RIGHT,BUTTON,BtnLoopButtonRight,[],BUTTON,1,41,BITFIELD,,,0,1,INACTIVE_TO_ACTIVE,ACTIVE_TO_INACTIVE,,,,,,,,,CONFIRMED_MULTIPLE_SOURCES,PHYSICAL_DIRECT_OR_APPROVED_CANONICAL,17,16,1,4,0x04,"[""0x04""]",2,,41,EXACT_CANONICAL_FAMILY,[109],OBSERVATIONAL_BASELINE,H01,NONE_RECORDED_IN_THIS_DERIVATION,Normalized state idle=0; active=1; PRESS=INACTIVE_TO_ACTIVE; RELEASE=ACTIVE_TO_INACTIVE
BtnLoopKnobLeft,LOOP_LEFT_PUSH,DECK / LEFT,LEFT,BUTTON,ASSEMBLY_LOOPKNOBLEFT,"[""CapLoopKnobLeft"",""EncLoopKnobLeft""]",PUSH,1,109,BITFIELD,,,0,1,INACTIVE_TO_ACTIVE,ACTIVE_TO_INACTIVE,,,,,,,CapLoopKnobLeft,BtnLoopKnobLeft,ADDED_BY_LATER_CAPTURE,CONFIRMED,7,6,1,16,0x10,"[""0x10""]",,,41,CANONICAL_PREFIX_COMPATIBLE_CARRIER,[],OBSERVATIONAL_BASELINE,H01,NONE_RECORDED_IN_THIS_DERIVATION,Normalized state idle=0; active=1; PRESS=INACTIVE_TO_ACTIVE; RELEASE=ACTIVE_TO_INACTIVE
BtnLoopKnobRight,LOOP_RIGHT_PUSH,DECK / RIGHT,RIGHT,BUTTON,ASSEMBLY_LOOPKNOBRIGHT,"[""CapLoopKnobRight"",""EncLoopKnobRight""]",PUSH,1,109,BITFIELD,,,0,1,INACTIVE_TO_ACTIVE,ACTIVE_TO_INACTIVE,,,,,,,CapLoopKnobRight,BtnLoopKnobRight,ADDED_BY_LATER_CAPTURE,CONFIRMED,15,14,1,16,0x10,"[""0x10""]",,,41,CANONICAL_PREFIX_COMPATIBLE_CARRIER,[],OBSERVATIONAL_BASELINE,H01,NONE_RECORDED_IN_THIS_DERIVATION,Normalized state idle=0; active=1; PRESS=INACTIVE_TO_ACTIVE; RELEASE=ACTIVE_TO_INACTIVE
BtnOnButton1Left,ON_1_LEFT,DECK,LEFT,BUTTON,BtnOnButton1Left,[],BUTTON,1,41,BITFIELD,,,0,1,INACTIVE_TO_ACTIVE,ACTIVE_TO_INACTIVE,,,,,,,,,CONFIRMED_MULTIPLE_SOURCES,PHYSICAL_DIRECT_OR_APPROVED_CANONICAL,6,5,1,16,0x10,"[""0x10""]",4,,41,EXACT_CANONICAL_FAMILY,[109],OBSERVATIONAL_BASELINE,H01,NONE_RECORDED_IN_THIS_DERIVATION,Normalized state idle=0; active=1; PRESS=INACTIVE_TO_ACTIVE; RELEASE=ACTIVE_TO_INACTIVE
BtnOnButton1Right,ON_1_RIGHT,DECK,RIGHT,BUTTON,BtnOnButton1Right,[],BUTTON,1,41,BITFIELD,,,0,1,INACTIVE_TO_ACTIVE,ACTIVE_TO_INACTIVE,,,,,,,,,CONFIRMED_MULTIPLE_SOURCES,PHYSICAL_DIRECT_OR_APPROVED_CANONICAL,14,13,1,16,0x10,"[""0x10""]",4,,41,EXACT_CANONICAL_FAMILY,[109],OBSERVATIONAL_BASELINE,H01,NONE_RECORDED_IN_THIS_DERIVATION,Normalized state idle=0; active=1; PRESS=INACTIVE_TO_ACTIVE; RELEASE=ACTIVE_TO_INACTIVE
BtnOnButton2Left,ON_2_LEFT,DECK,LEFT,BUTTON,BtnOnButton2Left,[],BUTTON,1,41,BITFIELD,,,0,1,INACTIVE_TO_ACTIVE,ACTIVE_TO_INACTIVE,,,,,,,,,CONFIRMED_MULTIPLE_SOURCES,PHYSICAL_DIRECT_OR_APPROVED_CANONICAL,6,5,1,8,0x08,"[""0x08""]",3,,41,EXACT_CANONICAL_FAMILY,[109],OBSERVATIONAL_BASELINE,H01,NONE_RECORDED_IN_THIS_DERIVATION,Normalized state idle=0; active=1; PRESS=INACTIVE_TO_ACTIVE; RELEASE=ACTIVE_TO_INACTIVE
BtnOnButton2Right,ON_2_RIGHT,DECK,RIGHT,BUTTON,BtnOnButton2Right,[],BUTTON,1,41,BITFIELD,,,0,1,INACTIVE_TO_ACTIVE,ACTIVE_TO_INACTIVE,,,,,,,,,CONFIRMED_MULTIPLE_SOURCES,PHYSICAL_DIRECT_OR_APPROVED_CANONICAL,14,13,1,8,0x08,"[""0x08""]",3,,41,EXACT_CANONICAL_FAMILY,[109],OBSERVATIONAL_BASELINE,H01,NONE_RECORDED_IN_THIS_DERIVATION,Normalized state idle=0; active=1; PRESS=INACTIVE_TO_ACTIVE; RELEASE=ACTIVE_TO_INACTIVE
BtnOnButton3Left,ON_3_LEFT,DECK,LEFT,BUTTON,BtnOnButton3Left,[],BUTTON,1,41,BITFIELD,,,0,1,INACTIVE_TO_ACTIVE,ACTIVE_TO_INACTIVE,,,,,,,,,CONFIRMED_MULTIPLE_SOURCES,PHYSICAL_DIRECT_OR_APPROVED_CANONICAL,6,5,1,4,0x04,"[""0x04""]",2,,41,EXACT_CANONICAL_FAMILY,[109],OBSERVATIONAL_BASELINE,H01,NONE_RECORDED_IN_THIS_DERIVATION,Normalized state idle=0; active=1; PRESS=INACTIVE_TO_ACTIVE; RELEASE=ACTIVE_TO_INACTIVE
BtnOnButton3Right,ON_3_RIGHT,DECK,RIGHT,BUTTON,BtnOnButton3Right,[],BUTTON,1,41,BITFIELD,,,0,1,INACTIVE_TO_ACTIVE,ACTIVE_TO_INACTIVE,,,,,,,,,CONFIRMED_MULTIPLE_SOURCES,PHYSICAL_DIRECT_OR_APPROVED_CANONICAL,14,13,1,4,0x04,"[""0x04""]",2,,41,EXACT_CANONICAL_FAMILY,[109],OBSERVATIONAL_BASELINE,H01,NONE_RECORDED_IN_THIS_DERIVATION,Normalized state idle=0; active=1; PRESS=INACTIVE_TO_ACTIVE; RELEASE=ACTIVE_TO_INACTIVE
BtnOnButton4Left,ON_4_LEFT,DECK,LEFT,BUTTON,BtnOnButton4Left,[],BUTTON,1,41,BITFIELD,,,0,1,INACTIVE_TO_ACTIVE,ACTIVE_TO_INACTIVE,,,,,,,,,CONFIRMED_MULTIPLE_SOURCES,PHYSICAL_DIRECT_OR_APPROVED_CANONICAL,6,5,1,2,0x02,"[""0x02""]",1,,41,EXACT_CANONICAL_FAMILY,[109],OBSERVATIONAL_BASELINE,H01,NONE_RECORDED_IN_THIS_DERIVATION,Normalized state idle=0; active=1; PRESS=INACTIVE_TO_ACTIVE; RELEASE=ACTIVE_TO_INACTIVE
BtnOnButton4Right,ON_4_RIGHT,DECK,RIGHT,BUTTON,BtnOnButton4Right,[],BUTTON,1,41,BITFIELD,,,0,1,INACTIVE_TO_ACTIVE,ACTIVE_TO_INACTIVE,,,,,,,,,CONFIRMED_MULTIPLE_SOURCES,PHYSICAL_DIRECT_OR_APPROVED_CANONICAL,14,13,1,2,0x02,"[""0x02""]",1,,41,EXACT_CANONICAL_FAMILY,[109],OBSERVATIONAL_BASELINE,H01,NONE_RECORDED_IN_THIS_DERIVATION,Normalized state idle=0; active=1; PRESS=INACTIVE_TO_ACTIVE; RELEASE=ACTIVE_TO_INACTIVE
BtnPad1Left,PAD_1_LEFT,PADS,LEFT,PAD,BtnPad1Left,[],BUTTON,1,41,BITFIELD,,,0,1,INACTIVE_TO_ACTIVE,ACTIVE_TO_INACTIVE,,,,,,,,,CONFIRMED_MULTIPLE_SOURCES,PHYSICAL_DIRECT_OR_APPROVED_CANONICAL,8,7,1,8,0x08,"[""0x08""]",3,,41,EXACT_CANONICAL_FAMILY,[109],OBSERVATIONAL_BASELINE,H01,NONE_RECORDED_IN_THIS_DERIVATION,Normalized state idle=0; active=1; PRESS=INACTIVE_TO_ACTIVE; RELEASE=ACTIVE_TO_INACTIVE
BtnPad1Right,PAD_1_RIGHT,PADS,RIGHT,PAD,BtnPad1Right,[],BUTTON,1,41,BITFIELD,,,0,1,INACTIVE_TO_ACTIVE,ACTIVE_TO_INACTIVE,,,,,,,,,CONFIRMED_MULTIPLE_SOURCES,PHYSICAL_DIRECT_OR_APPROVED_CANONICAL,16,15,1,8,0x08,"[""0x08""]",3,,41,EXACT_CANONICAL_FAMILY,[109],OBSERVATIONAL_BASELINE,H01,NONE_RECORDED_IN_THIS_DERIVATION,Normalized state idle=0; active=1; PRESS=INACTIVE_TO_ACTIVE; RELEASE=ACTIVE_TO_INACTIVE
BtnPad2Left,PAD_2_LEFT,PADS,LEFT,PAD,BtnPad2Left,[],BUTTON,1,41,BITFIELD,,,0,1,INACTIVE_TO_ACTIVE,ACTIVE_TO_INACTIVE,,,,,,,,,CONFIRMED_MULTIPLE_SOURCES,PHYSICAL_DIRECT_OR_APPROVED_CANONICAL,8,7,1,1,0x01,"[""0x01""]",0,,41,EXACT_CANONICAL_FAMILY,[109],OBSERVATIONAL_BASELINE,H01,NONE_RECORDED_IN_THIS_DERIVATION,Normalized state idle=0; active=1; PRESS=INACTIVE_TO_ACTIVE; RELEASE=ACTIVE_TO_INACTIVE
BtnPad2Right,PAD_2_RIGHT,PADS,RIGHT,PAD,BtnPad2Right,[],BUTTON,1,41,BITFIELD,,,0,1,INACTIVE_TO_ACTIVE,ACTIVE_TO_INACTIVE,,,,,,,,,CONFIRMED_MULTIPLE_SOURCES,PHYSICAL_DIRECT_OR_APPROVED_CANONICAL,16,15,1,1,0x01,"[""0x01""]",0,,41,EXACT_CANONICAL_FAMILY,[109],OBSERVATIONAL_BASELINE,H01,NONE_RECORDED_IN_THIS_DERIVATION,Normalized state idle=0; active=1; PRESS=INACTIVE_TO_ACTIVE; RELEASE=ACTIVE_TO_INACTIVE
BtnPad3Left,PAD_3_LEFT,PADS,LEFT,PAD,BtnPad3Left,[],BUTTON,1,41,BITFIELD,,,0,1,INACTIVE_TO_ACTIVE,ACTIVE_TO_INACTIVE,,,,,,,,,CONFIRMED_MULTIPLE_SOURCES,PHYSICAL_DIRECT_OR_APPROVED_CANONICAL,7,6,1,1,0x01,"[""0x01""]",0,,41,EXACT_CANONICAL_FAMILY,[109],OBSERVATIONAL_BASELINE,H01,NONE_RECORDED_IN_THIS_DERIVATION,Normalized state idle=0; active=1; PRESS=INACTIVE_TO_ACTIVE; RELEASE=ACTIVE_TO_INACTIVE
BtnPad3Right,PAD_3_RIGHT,PADS,RIGHT,PAD,BtnPad3Right,[],BUTTON,1,41,BITFIELD,,,0,1,INACTIVE_TO_ACTIVE,ACTIVE_TO_INACTIVE,,,,,,,,,CONFIRMED_MULTIPLE_SOURCES,PHYSICAL_DIRECT_OR_APPROVED_CANONICAL,15,14,1,1,0x01,"[""0x01""]",0,,41,EXACT_CANONICAL_FAMILY,[109],OBSERVATIONAL_BASELINE,H01,NONE_RECORDED_IN_THIS_DERIVATION,Normalized state idle=0; active=1; PRESS=INACTIVE_TO_ACTIVE; RELEASE=ACTIVE_TO_INACTIVE
BtnPad4Left,PAD_4_LEFT,PADS,LEFT,PAD,BtnPad4Left,[],BUTTON,1,41,BITFIELD,,,0,1,INACTIVE_TO_ACTIVE,ACTIVE_TO_INACTIVE,,,,,,,,,CONFIRMED_MULTIPLE_SOURCES,PHYSICAL_DIRECT_OR_APPROVED_CANONICAL,7,6,1,2,0x02,"[""0x02""]",1,,41,EXACT_CANONICAL_FAMILY,[109],OBSERVATIONAL_BASELINE,H01,NONE_RECORDED_IN_THIS_DERIVATION,Normalized state idle=0; active=1; PRESS=INACTIVE_TO_ACTIVE; RELEASE=ACTIVE_TO_INACTIVE
BtnPad4Right,PAD_4_RIGHT,PADS,RIGHT,PAD,BtnPad4Right,[],BUTTON,1,41,BITFIELD,,,0,1,INACTIVE_TO_ACTIVE,ACTIVE_TO_INACTIVE,,,,,,,,,CONFIRMED_MULTIPLE_SOURCES,PHYSICAL_DIRECT_OR_APPROVED_CANONICAL,15,14,1,2,0x02,"[""0x02""]",1,,41,EXACT_CANONICAL_FAMILY,[109],OBSERVATIONAL_BASELINE,H01,NONE_RECORDED_IN_THIS_DERIVATION,Normalized state idle=0; active=1; PRESS=INACTIVE_TO_ACTIVE; RELEASE=ACTIVE_TO_INACTIVE
BtnPad5Left,PAD_5_LEFT,PADS,LEFT,PAD,BtnPad5Left,[],BUTTON,1,41,BITFIELD,,,0,1,INACTIVE_TO_ACTIVE,ACTIVE_TO_INACTIVE,,,,,,,,,CONFIRMED_MULTIPLE_SOURCES,PHYSICAL_DIRECT_OR_APPROVED_CANONICAL,8,7,1,32,0x20,"[""0x20""]",5,,41,EXACT_CANONICAL_FAMILY,[109],OBSERVATIONAL_BASELINE,H01,NONE_RECORDED_IN_THIS_DERIVATION,Normalized state idle=0; active=1; PRESS=INACTIVE_TO_ACTIVE; RELEASE=ACTIVE_TO_INACTIVE
BtnPad5Right,PAD_5_RIGHT,PADS,RIGHT,PAD,BtnPad5Right,[],BUTTON,1,41,BITFIELD,,,0,1,INACTIVE_TO_ACTIVE,ACTIVE_TO_INACTIVE,,,,,,,,,CONFIRMED_MULTIPLE_SOURCES,PHYSICAL_DIRECT_OR_APPROVED_CANONICAL,16,15,1,32,0x20,"[""0x20""]",5,,41,EXACT_CANONICAL_FAMILY,[109],OBSERVATIONAL_BASELINE,H01,NONE_RECORDED_IN_THIS_DERIVATION,Normalized state idle=0; active=1; PRESS=INACTIVE_TO_ACTIVE; RELEASE=ACTIVE_TO_INACTIVE
BtnPad6Left,PAD_6_LEFT,PADS,LEFT,PAD,BtnPad6Left,[],BUTTON,1,41,BITFIELD,,,0,1,INACTIVE_TO_ACTIVE,ACTIVE_TO_INACTIVE,,,,,,,,,CONFIRMED_MULTIPLE_SOURCES,PHYSICAL_DIRECT_OR_APPROVED_CANONICAL,8,7,1,64,0x40,"[""0x40""]",6,,41,EXACT_CANONICAL_FAMILY,[109],OBSERVATIONAL_BASELINE,H01,NONE_RECORDED_IN_THIS_DERIVATION,Normalized state idle=0; active=1; PRESS=INACTIVE_TO_ACTIVE; RELEASE=ACTIVE_TO_INACTIVE
BtnPad6Right,PAD_6_RIGHT,PADS,RIGHT,PAD,BtnPad6Right,[],BUTTON,1,41,BITFIELD,,,0,1,INACTIVE_TO_ACTIVE,ACTIVE_TO_INACTIVE,,,,,,,,,CONFIRMED_MULTIPLE_SOURCES,PHYSICAL_DIRECT_OR_APPROVED_CANONICAL,16,15,1,64,0x40,"[""0x40""]",6,,41,EXACT_CANONICAL_FAMILY,[109],OBSERVATIONAL_BASELINE,H01,NONE_RECORDED_IN_THIS_DERIVATION,Normalized state idle=0; active=1; PRESS=INACTIVE_TO_ACTIVE; RELEASE=ACTIVE_TO_INACTIVE
BtnPad7Left,PAD_7_LEFT,PADS,LEFT,PAD,BtnPad7Left,[],BUTTON,1,41,BITFIELD,,,0,1,INACTIVE_TO_ACTIVE,ACTIVE_TO_INACTIVE,,,,,,,,,CONFIRMED_MULTIPLE_SOURCES,PHYSICAL_DIRECT_OR_APPROVED_CANONICAL,8,7,1,128,0x80,"[""0x80""]",7,,41,EXACT_CANONICAL_FAMILY,[109],OBSERVATIONAL_BASELINE,H01,NONE_RECORDED_IN_THIS_DERIVATION,Normalized state idle=0; active=1; PRESS=INACTIVE_TO_ACTIVE; RELEASE=ACTIVE_TO_INACTIVE
BtnPad7Right,PAD_7_RIGHT,PADS,RIGHT,PAD,BtnPad7Right,[],BUTTON,1,41,BITFIELD,,,0,1,INACTIVE_TO_ACTIVE,ACTIVE_TO_INACTIVE,,,,,,,,,CONFIRMED_MULTIPLE_SOURCES,PHYSICAL_DIRECT_OR_APPROVED_CANONICAL,16,15,1,128,0x80,"[""0x80""]",7,,41,EXACT_CANONICAL_FAMILY,[109],OBSERVATIONAL_BASELINE,H01,NONE_RECORDED_IN_THIS_DERIVATION,Normalized state idle=0; active=1; PRESS=INACTIVE_TO_ACTIVE; RELEASE=ACTIVE_TO_INACTIVE
BtnPad8Left,PAD_8_LEFT,PADS,LEFT,PAD,BtnPad8Left,[],BUTTON,1,41,BITFIELD,,,0,1,INACTIVE_TO_ACTIVE,ACTIVE_TO_INACTIVE,,,,,,,,,CONFIRMED_MULTIPLE_SOURCES,PHYSICAL_DIRECT_OR_APPROVED_CANONICAL,8,7,1,2,0x02,"[""0x02""]",1,,41,EXACT_CANONICAL_FAMILY,[109],OBSERVATIONAL_BASELINE,H01,NONE_RECORDED_IN_THIS_DERIVATION,Normalized state idle=0; active=1; PRESS=INACTIVE_TO_ACTIVE; RELEASE=ACTIVE_TO_INACTIVE
BtnPad8Right,PAD_8_RIGHT,PADS,RIGHT,PAD,BtnPad8Right,[],BUTTON,1,41,BITFIELD,,,0,1,INACTIVE_TO_ACTIVE,ACTIVE_TO_INACTIVE,,,,,,,,,CONFIRMED_MULTIPLE_SOURCES,PHYSICAL_DIRECT_OR_APPROVED_CANONICAL,16,15,1,2,0x02,"[""0x02""]",1,,41,EXACT_CANONICAL_FAMILY,[109],OBSERVATIONAL_BASELINE,H01,NONE_RECORDED_IN_THIS_DERIVATION,Normalized state idle=0; active=1; PRESS=INACTIVE_TO_ACTIVE; RELEASE=ACTIVE_TO_INACTIVE
BtnPflAMixer,CHANNEL_A_PFL,MIXER / CHANNEL A,A,BUTTON,ASSEMBLY_CHANNEL_A_PFL,[],BUTTON,1,109,BITFIELD,,,0,1,INACTIVE_TO_ACTIVE,ACTIVE_TO_INACTIVE,,,,,,,,,ADDED_BY_LATER_CAPTURE,CONFIRMED_WITH_OFFSET_CONVENTION,20,19,1,8,0x08,"[""0x08""]",,,41,CANONICAL_PREFIX_COMPATIBLE_CARRIER,[],OBSERVATIONAL_BASELINE,H01,NONE_RECORDED_IN_THIS_DERIVATION,Normalized state idle=0; active=1; PRESS=INACTIVE_TO_ACTIVE; RELEASE=ACTIVE_TO_INACTIVE
BtnPflBMixer,CHANNEL_B_PFL,MIXER / CHANNEL B,B,BUTTON,ASSEMBLY_CHANNEL_B_PFL,[],BUTTON,1,109,BITFIELD,,,0,1,INACTIVE_TO_ACTIVE,ACTIVE_TO_INACTIVE,,,,,,,,,ADDED_BY_LATER_CAPTURE,CONFIRMED_WITH_OFFSET_CONVENTION,23,22,1,32,0x20,"[""0x20""]",,,41,CANONICAL_PREFIX_COMPATIBLE_CARRIER,[],OBSERVATIONAL_BASELINE,H01,NONE_RECORDED_IN_THIS_DERIVATION,Normalized state idle=0; active=1; PRESS=INACTIVE_TO_ACTIVE; RELEASE=ACTIVE_TO_INACTIVE
BtnPflCMixer,CHANNEL_C_PFL,MIXER / CHANNEL C,C,BUTTON,ASSEMBLY_CHANNEL_C_PFL,[],BUTTON,1,109,BITFIELD,,,0,1,INACTIVE_TO_ACTIVE,ACTIVE_TO_INACTIVE,,,,,,,,,ADDED_BY_LATER_CAPTURE,CONFIRMED_WITH_OFFSET_CONVENTION,20,19,1,4,0x04,"[""0x04""]",,,41,CANONICAL_PREFIX_COMPATIBLE_CARRIER,[],OBSERVATIONAL_BASELINE,H01,NONE_RECORDED_IN_THIS_DERIVATION,Normalized state idle=0; active=1; PRESS=INACTIVE_TO_ACTIVE; RELEASE=ACTIVE_TO_INACTIVE
BtnPflDMixer,CHANNEL_D_PFL,MIXER / CHANNEL D,D,BUTTON,ASSEMBLY_CHANNEL_D_PFL,[],BUTTON,1,109,BITFIELD,,,0,1,INACTIVE_TO_ACTIVE,ACTIVE_TO_INACTIVE,,,,,,,,,ADDED_BY_LATER_CAPTURE,CONFIRMED_WITH_OFFSET_CONVENTION,23,22,1,64,0x40,"[""0x40""]",,,41,CANONICAL_PREFIX_COMPATIBLE_CARRIER,[],OBSERVATIONAL_BASELINE,H01,NONE_RECORDED_IN_THIS_DERIVATION,Normalized state idle=0; active=1; PRESS=INACTIVE_TO_ACTIVE; RELEASE=ACTIVE_TO_INACTIVE
BtnPlayButtonLeft,PLAY_LEFT,DECK,LEFT,BUTTON,BtnPlayButtonLeft,[],BUTTON,1,41,BITFIELD,,,0,1,PRESS_AND_RELEASE,,,,,,,,,,CONFIRMED,PHYSICAL_DIRECT_OR_APPROVED_CANONICAL,9,8,1,16,0x10,"[""0x10""]",4,,41,EXACT_CANONICAL_FAMILY,[109],OBSERVATIONAL_BASELINE,H01,NONE_RECORDED_IN_THIS_DERIVATION,Normalized state idle=0; active=1; PRESS=PRESS_AND_RELEASE; RELEASE=None
BtnPlayButtonRight,PLAY_RIGHT,DECK,RIGHT,BUTTON,BtnPlayButtonRight,[],BUTTON,1,41,BITFIELD,,,0,1,INACTIVE_TO_ACTIVE,ACTIVE_TO_INACTIVE,,,,,,,,,CONFIRMED_MULTIPLE_SOURCES,PHYSICAL_DIRECT_OR_APPROVED_CANONICAL,17,16,1,16,0x10,"[""0x10""]",4,,41,EXACT_CANONICAL_FAMILY,[109],OBSERVATIONAL_BASELINE,H01,NONE_RECORDED_IN_THIS_DERIVATION,Normalized state idle=0; active=1; PRESS=INACTIVE_TO_ACTIVE; RELEASE=ACTIVE_TO_INACTIVE
BtnQuantizeMixer,QUANTIZE,MIXER,CENTER,BUTTON,BtnQuantizeMixer,[],BUTTON,1,41,BITFIELD,,,0,1,INACTIVE_TO_ACTIVE,ACTIVE_TO_INACTIVE,,,,,,,,,CONFIRMED_MULTIPLE_SOURCES,PHYSICAL_DIRECT_OR_APPROVED_CANONICAL,25,24,1,8,0x08,"[""0x08""]",3,,41,EXACT_CANONICAL_FAMILY,[109],OBSERVATIONAL_BASELINE,H01,NONE_RECORDED_IN_THIS_DERIVATION,Normalized state idle=0; active=1; PRESS=INACTIVE_TO_ACTIVE; RELEASE=ACTIVE_TO_INACTIVE
BtnRemixButtonLeft,REMIX_LEFT,DECK,LEFT,BUTTON,BtnRemixButtonLeft,[],BUTTON,1,41,BITFIELD,,,0,1,INACTIVE_TO_ACTIVE,ACTIVE_TO_INACTIVE,,,,,,,,,CONFIRMED_MULTIPLE_SOURCES,PHYSICAL_DIRECT_OR_APPROVED_CANONICAL,9,8,1,1,0x01,"[""0x01""]",0,,41,EXACT_CANONICAL_FAMILY,[109],OBSERVATIONAL_BASELINE,H01,NONE_RECORDED_IN_THIS_DERIVATION,Normalized state idle=0; active=1; PRESS=INACTIVE_TO_ACTIVE; RELEASE=ACTIVE_TO_INACTIVE
BtnRemixButtonRight,REMIX_RIGHT,DECK,RIGHT,BUTTON,BtnRemixButtonRight,[],BUTTON,1,41,BITFIELD,,,0,1,INACTIVE_TO_ACTIVE,ACTIVE_TO_INACTIVE,,,,,,,,,CONFIRMED_MULTIPLE_SOURCES,PHYSICAL_DIRECT_OR_APPROVED_CANONICAL,17,16,1,1,0x01,"[""0x01""]",0,,41,EXACT_CANONICAL_FAMILY,[109],OBSERVATIONAL_BASELINE,H01,NONE_RECORDED_IN_THIS_DERIVATION,Normalized state idle=0; active=1; PRESS=INACTIVE_TO_ACTIVE; RELEASE=ACTIVE_TO_INACTIVE
BtnSelectButtonLeft,SELECT_LEFT,DECK,LEFT,BUTTON,BtnSelectButtonLeft,[],BUTTON,1,41,BITFIELD,,,0,1,PRESS_AND_RELEASE,,,,,,,,,,CONFIRMED,PHYSICAL_DIRECT_OR_APPROVED_CANONICAL,4,3,1,64,0x40,"[""0x40""]",6,,41,EXACT_CANONICAL_FAMILY,[109],OBSERVATIONAL_BASELINE,H01,NONE_RECORDED_IN_THIS_DERIVATION,Normalized state idle=0; active=1; PRESS=PRESS_AND_RELEASE; RELEASE=None
BtnSelectButtonRight,SELECT_RIGHT,DECK,RIGHT,BUTTON,BtnSelectButtonRight,[],BUTTON,1,41,BITFIELD,,,0,1,INACTIVE_TO_ACTIVE,ACTIVE_TO_INACTIVE,,,,,,,,,CONFIRMED_MULTIPLE_SOURCES,PHYSICAL_DIRECT_OR_APPROVED_CANONICAL,12,11,1,64,0x40,"[""0x40""]",6,,41,EXACT_CANONICAL_FAMILY,[109],OBSERVATIONAL_BASELINE,H01,NONE_RECORDED_IN_THIS_DERIVATION,Normalized state idle=0; active=1; PRESS=INACTIVE_TO_ACTIVE; RELEASE=ACTIVE_TO_INACTIVE
BtnShiftButtonLeft,SHIFT_LEFT,DECK,LEFT,BUTTON,BtnShiftButtonLeft,[],BUTTON,1,41,BITFIELD,,,0,1,INACTIVE_TO_ACTIVE,ACTIVE_TO_INACTIVE,,,,,,,,,CONFIRMED_MULTIPLE_SOURCES,PHYSICAL_DIRECT_OR_APPROVED_CANONICAL,9,8,1,128,0x80,"[""0x80""]",7,,41,EXACT_CANONICAL_FAMILY,[109],OBSERVATIONAL_BASELINE,H01,NONE_RECORDED_IN_THIS_DERIVATION,Normalized state idle=0; active=1; PRESS=INACTIVE_TO_ACTIVE; RELEASE=ACTIVE_TO_INACTIVE
BtnShiftButtonRight,SHIFT_RIGHT,DECK,RIGHT,BUTTON,BtnShiftButtonRight,[],BUTTON,1,41,BITFIELD,,,0,1,PRESS_AND_RELEASE,,,,,,,,,,CONFIRMED,PHYSICAL_DIRECT_OR_APPROVED_CANONICAL,17,16,1,128,0x80,"[""0x80""]",7,,41,EXACT_CANONICAL_FAMILY,[109],OBSERVATIONAL_BASELINE,H01,NONE_RECORDED_IN_THIS_DERIVATION,Normalized state idle=0; active=1; PRESS=PRESS_AND_RELEASE; RELEASE=None
BtnSliceButtonLeft,SLICE_LEFT,DECK,LEFT,BUTTON,BtnSliceButtonLeft,[],BUTTON,1,41,BITFIELD,,,0,1,INACTIVE_TO_ACTIVE,ACTIVE_TO_INACTIVE,,,,,,,,,CONFIRMED_MULTIPLE_SOURCES,PHYSICAL_DIRECT_OR_APPROVED_CANONICAL,9,8,1,2,0x02,"[""0x02""]",1,,41,EXACT_CANONICAL_FAMILY,[109],OBSERVATIONAL_BASELINE,H01,NONE_RECORDED_IN_THIS_DERIVATION,Normalized state idle=0; active=1; PRESS=INACTIVE_TO_ACTIVE; RELEASE=ACTIVE_TO_INACTIVE
BtnSliceButtonRight,SLICE_RIGHT,DECK,RIGHT,BUTTON,BtnSliceButtonRight,[],BUTTON,1,41,BITFIELD,,,0,1,INACTIVE_TO_ACTIVE,ACTIVE_TO_INACTIVE,,,,,,,,,CONFIRMED_MULTIPLE_SOURCES,PHYSICAL_DIRECT_OR_APPROVED_CANONICAL,17,16,1,2,0x02,"[""0x02""]",1,,41,EXACT_CANONICAL_FAMILY,[109],OBSERVATIONAL_BASELINE,H01,NONE_RECORDED_IN_THIS_DERIVATION,Normalized state idle=0; active=1; PRESS=INACTIVE_TO_ACTIVE; RELEASE=ACTIVE_TO_INACTIVE
BtnSnapMixer,SNAP,MIXER,CENTER,BUTTON,BtnSnapMixer,[],BUTTON,1,41,BITFIELD,,,0,1,INACTIVE_TO_ACTIVE,ACTIVE_TO_INACTIVE,,,,,,,,,CONFIRMED_MULTIPLE_SOURCES,PHYSICAL_DIRECT_OR_APPROVED_CANONICAL,22,21,1,128,0x80,"[""0x80""]",7,,41,EXACT_CANONICAL_FAMILY,[109],OBSERVATIONAL_BASELINE,H01,NONE_RECORDED_IN_THIS_DERIVATION,Normalized state idle=0; active=1; PRESS=INACTIVE_TO_ACTIVE; RELEASE=ACTIVE_TO_INACTIVE
BtnSyncButtonLeft,SYNC_LEFT,DECK,LEFT,BUTTON,BtnSyncButtonLeft,[],BUTTON,1,41,BITFIELD,,,0,1,INACTIVE_TO_ACTIVE,ACTIVE_TO_INACTIVE,,,,,,,,,CONFIRMED_MULTIPLE_SOURCES,PHYSICAL_DIRECT_OR_APPROVED_CANONICAL,9,8,1,64,0x40,"[""0x40""]",6,,41,EXACT_CANONICAL_FAMILY,[109],OBSERVATIONAL_BASELINE,H01,NONE_RECORDED_IN_THIS_DERIVATION,Normalized state idle=0; active=1; PRESS=INACTIVE_TO_ACTIVE; RELEASE=ACTIVE_TO_INACTIVE
BtnSyncButtonRight,SYNC_RIGHT,DECK,RIGHT,BUTTON,BtnSyncButtonRight,[],BUTTON,1,41,BITFIELD,,,0,1,INACTIVE_TO_ACTIVE,ACTIVE_TO_INACTIVE,,,,,,,,,CONFIRMED_MULTIPLE_SOURCES,PHYSICAL_DIRECT_OR_APPROVED_CANONICAL,17,16,1,64,0x40,"[""0x40""]",6,,41,EXACT_CANONICAL_FAMILY,[109],OBSERVATIONAL_BASELINE,H01,NONE_RECORDED_IN_THIS_DERIVATION,Normalized state idle=0; active=1; PRESS=INACTIVE_TO_ACTIVE; RELEASE=ACTIVE_TO_INACTIVE
BtnTempoMixer,TEMPO,MIXER,CENTER,BUTTON,ASSEMBLY_TEMPOMIXER,"[""EncTempoMixer""]",BUTTON,1,41,BITFIELD,,,0,1,INACTIVE_TO_ACTIVE,ACTIVE_TO_INACTIVE,,,,,,,,,CONFIRMED_MULTIPLE_SOURCES,PHYSICAL_DIRECT_OR_APPROVED_CANONICAL,23,22,1,4,0x04,"[""0x04""]",2,,41,EXACT_CANONICAL_FAMILY,[109],OBSERVATIONAL_BASELINE,H01,NONE_RECORDED_IN_THIS_DERIVATION,Normalized state idle=0; active=1; PRESS=INACTIVE_TO_ACTIVE; RELEASE=ACTIVE_TO_INACTIVE
BtnTouchstripLeft,TOUCHSTRIP LEFT — TOUCH,TOUCH,LEFT,TOUCH,ASSEMBLY_TOUCHSTRIPLEFT,"[""TstTouchstripLeft""]",TOUCH,1,41,BITFIELD,,,0,1,INACTIVE_TO_ACTIVE,ACTIVE_TO_INACTIVE,,,,,,,BtnTouchstripLeft,,CONFIRMED_MULTIPLE_SOURCES,PHYSICAL_DIRECT_AND_APPROVED_CANONICAL,29,28,1,1,0x01,"[""0x01""]",0,,41,EXACT_CANONICAL_FAMILY,[109],OBSERVATIONAL_BASELINE,H01,NONE_RECORDED_IN_THIS_DERIVATION,Normalized state idle=0; active=1; PRESS=INACTIVE_TO_ACTIVE; RELEASE=ACTIVE_TO_INACTIVE
BtnTouchstripRight,TOUCHSTRIP RIGHT — TOUCH,TOUCH,RIGHT,TOUCH,ASSEMBLY_TOUCHSTRIPRIGHT,"[""TstTouchstripRight""]",TOUCH,1,41,BITFIELD,,,0,1,INACTIVE_TO_ACTIVE,ACTIVE_TO_INACTIVE,,,,,,,BtnTouchstripRight,,CONFIRMED_MULTIPLE_SOURCES,PHYSICAL_DIRECT_AND_APPROVED_CANONICAL,35,34,1,1,0x01,"[""0x01""]",0,,41,EXACT_CANONICAL_FAMILY,[109],OBSERVATIONAL_BASELINE,H01,NONE_RECORDED_IN_THIS_DERIVATION,Normalized state idle=0; active=1; PRESS=INACTIVE_TO_ACTIVE; RELEASE=ACTIVE_TO_INACTIVE
CapBrowseKnobLeft,BROWSE_LEFT_TOUCH,TOUCH,LEFT,TOUCH,ASSEMBLY_BROWSEKNOBLEFT,"[""BtnBrowseKnobLeft"",""EncBrowseKnobLeft""]",TOUCH,1,41,BITFIELD,,,0,1,INACTIVE_TO_ACTIVE,ACTIVE_TO_INACTIVE,,,,,,,CapBrowseKnobLeft,BtnBrowseKnobLeft,CONFIRMED_MULTIPLE_SOURCES,PHYSICAL_DIRECT_AND_APPROVED_CANONICAL,10,9,1,32,0x20,"[""0x20""]",5,,41,EXACT_CANONICAL_FAMILY,[109],OBSERVATIONAL_BASELINE,H01,NONE_RECORDED_IN_THIS_DERIVATION,Normalized state idle=0; active=1; PRESS=INACTIVE_TO_ACTIVE; RELEASE=ACTIVE_TO_INACTIVE
CapBrowseKnobRight,BROWSE_RIGHT_TOUCH,TOUCH,RIGHT,TOUCH,ASSEMBLY_BROWSEKNOBRIGHT,"[""BtnBrowseKnobRight"",""EncBrowseKnobRight""]",TOUCH,1,41,BITFIELD,,,0,1,INACTIVE_TO_ACTIVE,ACTIVE_TO_INACTIVE,,,,,,,CapBrowseKnobRight,BtnBrowseKnobRight,CONFIRMED_MULTIPLE_SOURCES,PHYSICAL_DIRECT_AND_APPROVED_CANONICAL,18,17,1,32,0x20,"[""0x20""]",5,,41,EXACT_CANONICAL_FAMILY,[109],OBSERVATIONAL_BASELINE,H01,NONE_RECORDED_IN_THIS_DERIVATION,Normalized state idle=0; active=1; PRESS=INACTIVE_TO_ACTIVE; RELEASE=ACTIVE_TO_INACTIVE
CapFader1Left,FADER 1 LEFT — TOUCH,TOUCH,LEFT,TOUCH,ASSEMBLY_FADER1LEFT,"[""FadFader1Left""]",TOUCH,1,41,BITFIELD,,,0,1,INACTIVE_TO_ACTIVE,ACTIVE_TO_INACTIVE,,,,,,,CapFader1Left,,CONFIRMED_MULTIPLE_SOURCES,PHYSICAL_DIRECT_AND_APPROVED_CANONICAL,11,10,1,1,0x01,"[""0x01""]",0,,41,EXACT_CANONICAL_FAMILY,[109],OBSERVATIONAL_BASELINE,H01,NONE_RECORDED_IN_THIS_DERIVATION,Normalized state idle=0; active=1; PRESS=INACTIVE_TO_ACTIVE; RELEASE=ACTIVE_TO_INACTIVE
CapFader1Right,FADER 1 RIGHT — TOUCH,TOUCH,RIGHT,TOUCH,ASSEMBLY_FADER1RIGHT,"[""FadFader1Right""]",TOUCH,1,41,BITFIELD,,,0,1,INACTIVE_TO_ACTIVE,ACTIVE_TO_INACTIVE,,,,,,,CapFader1Right,,CONFIRMED_MULTIPLE_SOURCES,PHYSICAL_DIRECT_AND_APPROVED_CANONICAL,19,18,1,1,0x01,"[""0x01""]",0,,41,EXACT_CANONICAL_FAMILY,[109],OBSERVATIONAL_BASELINE,H01,NONE_RECORDED_IN_THIS_DERIVATION,Normalized state idle=0; active=1; PRESS=INACTIVE_TO_ACTIVE; RELEASE=ACTIVE_TO_INACTIVE
CapFader2Left,FADER 2 LEFT — TOUCH,TOUCH,LEFT,TOUCH,ASSEMBLY_FADER2LEFT,"[""FadFader2Left""]",TOUCH,1,41,BITFIELD,,,0,1,INACTIVE_TO_ACTIVE,ACTIVE_TO_INACTIVE,,,,,,,CapFader2Left,,CONFIRMED_MULTIPLE_SOURCES,PHYSICAL_DIRECT_AND_APPROVED_CANONICAL,11,10,1,2,0x02,"[""0x02""]",1,,41,EXACT_CANONICAL_FAMILY,[109],OBSERVATIONAL_BASELINE,H01,NONE_RECORDED_IN_THIS_DERIVATION,Normalized state idle=0; active=1; PRESS=INACTIVE_TO_ACTIVE; RELEASE=ACTIVE_TO_INACTIVE
CapFader2Right,FADER 2 RIGHT — TOUCH,TOUCH,RIGHT,TOUCH,ASSEMBLY_FADER2RIGHT,"[""FadFader2Right""]",TOUCH,1,41,BITFIELD,,,0,1,INACTIVE_TO_ACTIVE,ACTIVE_TO_INACTIVE,,,,,,,CapFader2Right,,CONFIRMED_MULTIPLE_SOURCES,PHYSICAL_DIRECT_AND_APPROVED_CANONICAL,19,18,1,2,0x02,"[""0x02""]",1,,41,EXACT_CANONICAL_FAMILY,[109],OBSERVATIONAL_BASELINE,H01,NONE_RECORDED_IN_THIS_DERIVATION,Normalized state idle=0; active=1; PRESS=INACTIVE_TO_ACTIVE; RELEASE=ACTIVE_TO_INACTIVE
CapFader3Left,FADER 3 LEFT — TOUCH,TOUCH,LEFT,TOUCH,ASSEMBLY_FADER3LEFT,"[""FadFader3Left""]",TOUCH,1,41,BITFIELD,,,0,1,INACTIVE_TO_ACTIVE,ACTIVE_TO_INACTIVE,,,,,,,CapFader3Left,,CONFIRMED_MULTIPLE_SOURCES,PHYSICAL_DIRECT_AND_APPROVED_CANONICAL,11,10,1,4,0x04,"[""0x04""]",2,,41,EXACT_CANONICAL_FAMILY,[109],OBSERVATIONAL_BASELINE,H01,NONE_RECORDED_IN_THIS_DERIVATION,Normalized state idle=0; active=1; PRESS=INACTIVE_TO_ACTIVE; RELEASE=ACTIVE_TO_INACTIVE
CapFader3Right,FADER 3 RIGHT — TOUCH,TOUCH,RIGHT,TOUCH,ASSEMBLY_FADER3RIGHT,"[""FadFader3Right""]",TOUCH,1,41,BITFIELD,,,0,1,INACTIVE_TO_ACTIVE,ACTIVE_TO_INACTIVE,,,,,,,CapFader3Right,,CONFIRMED_MULTIPLE_SOURCES,PHYSICAL_DIRECT_AND_APPROVED_CANONICAL,19,18,1,4,0x04,"[""0x04""]",2,,41,EXACT_CANONICAL_FAMILY,[109],OBSERVATIONAL_BASELINE,H01,NONE_RECORDED_IN_THIS_DERIVATION,Normalized state idle=0; active=1; PRESS=INACTIVE_TO_ACTIVE; RELEASE=ACTIVE_TO_INACTIVE
CapFader4Left,FADER 4 LEFT — TOUCH,TOUCH,LEFT,TOUCH,ASSEMBLY_FADER4LEFT,"[""FadFader4Left""]",TOUCH,1,41,BITFIELD,,,0,1,INACTIVE_TO_ACTIVE,ACTIVE_TO_INACTIVE,,,,,,,CapFader4Left,,CONFIRMED_MULTIPLE_SOURCES,PHYSICAL_DIRECT_AND_APPROVED_CANONICAL,11,10,1,8,0x08,"[""0x08""]",3,,41,EXACT_CANONICAL_FAMILY,[109],OBSERVATIONAL_BASELINE,H01,NONE_RECORDED_IN_THIS_DERIVATION,Normalized state idle=0; active=1; PRESS=INACTIVE_TO_ACTIVE; RELEASE=ACTIVE_TO_INACTIVE
CapFader4Right,FADER 4 RIGHT — TOUCH,TOUCH,RIGHT,TOUCH,ASSEMBLY_FADER4RIGHT,"[""FadFader4Right""]",TOUCH,1,41,BITFIELD,,,0,1,INACTIVE_TO_ACTIVE,ACTIVE_TO_INACTIVE,,,,,,,CapFader4Right,,CONFIRMED_MULTIPLE_SOURCES,PHYSICAL_DIRECT_AND_APPROVED_CANONICAL,19,18,1,8,0x08,"[""0x08""]",3,,41,EXACT_CANONICAL_FAMILY,[109],OBSERVATIONAL_BASELINE,H01,NONE_RECORDED_IN_THIS_DERIVATION,Normalized state idle=0; active=1; PRESS=INACTIVE_TO_ACTIVE; RELEASE=ACTIVE_TO_INACTIVE
CapFx1KnobLeft,FX 1 KNOB LEFT — TOUCH,FX,LEFT,TOUCH,ASSEMBLY_FX1KNOBLEFT,"[""KnbFx1KnobLeft""]",TOUCH,1,41,BITFIELD,,,0,1,INACTIVE_TO_ACTIVE,ACTIVE_TO_INACTIVE,,,,,,,CapFx1KnobLeft,,CONFIRMED_MULTIPLE_SOURCES,PHYSICAL_DIRECT_AND_APPROVED_CANONICAL,10,9,1,64,0x40,"[""0x40""]",6,,41,EXACT_CANONICAL_FAMILY,[109],OBSERVATIONAL_BASELINE,H01,NONE_RECORDED_IN_THIS_DERIVATION,Normalized state idle=0; active=1; PRESS=INACTIVE_TO_ACTIVE; RELEASE=ACTIVE_TO_INACTIVE
CapFx1KnobRight,FX 1 KNOB RIGHT — TOUCH,FX,RIGHT,TOUCH,ASSEMBLY_FX1KNOBRIGHT,"[""KnbFx1KnobRight""]",TOUCH,1,41,BITFIELD,,,0,1,INACTIVE_TO_ACTIVE,ACTIVE_TO_INACTIVE,,,,,,,CapFx1KnobRight,,CONFIRMED_MULTIPLE_SOURCES,PHYSICAL_DIRECT_AND_APPROVED_CANONICAL,18,17,1,64,0x40,"[""0x40""]",6,,41,EXACT_CANONICAL_FAMILY,[109],OBSERVATIONAL_BASELINE,H01,NONE_RECORDED_IN_THIS_DERIVATION,Normalized state idle=0; active=1; PRESS=INACTIVE_TO_ACTIVE; RELEASE=ACTIVE_TO_INACTIVE
CapFx2KnobLeft,FX 2 KNOB LEFT — TOUCH,FX,LEFT,TOUCH,ASSEMBLY_FX2KNOBLEFT,"[""KnbFx2KnobLeft""]",TOUCH,1,41,BITFIELD,,,0,1,INACTIVE_TO_ACTIVE,ACTIVE_TO_INACTIVE,,,,,,,CapFx2KnobLeft,,CONFIRMED_MULTIPLE_SOURCES,PHYSICAL_DIRECT_AND_APPROVED_CANONICAL,10,9,1,128,0x80,"[""0x80""]",7,,41,EXACT_CANONICAL_FAMILY,[109],OBSERVATIONAL_BASELINE,H01,NONE_RECORDED_IN_THIS_DERIVATION,Normalized state idle=0; active=1; PRESS=INACTIVE_TO_ACTIVE; RELEASE=ACTIVE_TO_INACTIVE
CapFx2KnobRight,FX 2 KNOB RIGHT — TOUCH,FX,RIGHT,TOUCH,ASSEMBLY_FX2KNOBRIGHT,"[""KnbFx2KnobRight""]",TOUCH,1,41,BITFIELD,,,0,1,INACTIVE_TO_ACTIVE,ACTIVE_TO_INACTIVE,,,,,,,CapFx2KnobRight,,CONFIRMED_MULTIPLE_SOURCES,PHYSICAL_DIRECT_AND_APPROVED_CANONICAL,18,17,1,128,0x80,"[""0x80""]",7,,41,EXACT_CANONICAL_FAMILY,[109],OBSERVATIONAL_BASELINE,H01,NONE_RECORDED_IN_THIS_DERIVATION,Normalized state idle=0; active=1; PRESS=INACTIVE_TO_ACTIVE; RELEASE=ACTIVE_TO_INACTIVE
CapFx3KnobLeft,FX 3 KNOB LEFT — TOUCH,FX,LEFT,TOUCH,ASSEMBLY_FX3KNOBLEFT,"[""KnbFx3KnobLeft""]",TOUCH,1,41,BITFIELD,,,0,1,INACTIVE_TO_ACTIVE,ACTIVE_TO_INACTIVE,,,,,,,CapFx3KnobLeft,,CONFIRMED_MULTIPLE_SOURCES,PHYSICAL_DIRECT_AND_APPROVED_CANONICAL,11,10,1,16,0x10,"[""0x10""]",4,,41,EXACT_CANONICAL_FAMILY,[109],OBSERVATIONAL_BASELINE,H01,NONE_RECORDED_IN_THIS_DERIVATION,Normalized state idle=0; active=1; PRESS=INACTIVE_TO_ACTIVE; RELEASE=ACTIVE_TO_INACTIVE
CapFx3KnobRight,FX 3 KNOB RIGHT — TOUCH,FX,RIGHT,TOUCH,ASSEMBLY_FX3KNOBRIGHT,"[""KnbFx3KnobRight""]",TOUCH,1,41,BITFIELD,,,0,1,INACTIVE_TO_ACTIVE,ACTIVE_TO_INACTIVE,,,,,,,CapFx3KnobRight,,CONFIRMED_MULTIPLE_SOURCES,PHYSICAL_DIRECT_AND_APPROVED_CANONICAL,19,18,1,16,0x10,"[""0x10""]",4,,41,EXACT_CANONICAL_FAMILY,[109],OBSERVATIONAL_BASELINE,H01,NONE_RECORDED_IN_THIS_DERIVATION,Normalized state idle=0; active=1; PRESS=INACTIVE_TO_ACTIVE; RELEASE=ACTIVE_TO_INACTIVE
CapFx4KnobLeft,FX 4 KNOB LEFT — TOUCH,FX,LEFT,TOUCH,ASSEMBLY_FX4KNOBLEFT,"[""KnbFx4KnobLeft""]",TOUCH,1,41,BITFIELD,,,0,1,INACTIVE_TO_ACTIVE,ACTIVE_TO_INACTIVE,,,,,,,CapFx4KnobLeft,,CONFIRMED_MULTIPLE_SOURCES,PHYSICAL_DIRECT_AND_APPROVED_CANONICAL,11,10,1,32,0x20,"[""0x20""]",5,,41,EXACT_CANONICAL_FAMILY,[109],OBSERVATIONAL_BASELINE,H01,NONE_RECORDED_IN_THIS_DERIVATION,Normalized state idle=0; active=1; PRESS=INACTIVE_TO_ACTIVE; RELEASE=ACTIVE_TO_INACTIVE
CapFx4KnobRight,FX 4 KNOB RIGHT — TOUCH,FX,RIGHT,TOUCH,ASSEMBLY_FX4KNOBRIGHT,"[""KnbFx4KnobRight""]",TOUCH,1,41,BITFIELD,,,0,1,INACTIVE_TO_ACTIVE,ACTIVE_TO_INACTIVE,,,,,,,CapFx4KnobRight,,CONFIRMED_MULTIPLE_SOURCES,PHYSICAL_DIRECT_AND_APPROVED_CANONICAL,19,18,1,32,0x20,"[""0x20""]",5,,41,EXACT_CANONICAL_FAMILY,[109],OBSERVATIONAL_BASELINE,H01,NONE_RECORDED_IN_THIS_DERIVATION,Normalized state idle=0; active=1; PRESS=INACTIVE_TO_ACTIVE; RELEASE=ACTIVE_TO_INACTIVE
CapKnob1Left,KNOB 1 LEFT — TOUCH,TOUCH,LEFT,TOUCH,ASSEMBLY_KNOB1LEFT,"[""EndKnob1Left""]",TOUCH,1,41,BITFIELD,,,0,1,INACTIVE_TO_ACTIVE,ACTIVE_TO_INACTIVE,,,,,,,CapKnob1Left,,CONFIRMED_MULTIPLE_SOURCES,PHYSICAL_DIRECT_AND_APPROVED_CANONICAL,10,9,1,2,0x02,"[""0x02""]",1,,41,EXACT_CANONICAL_FAMILY,[109],OBSERVATIONAL_BASELINE,H01,NONE_RECORDED_IN_THIS_DERIVATION,Normalized state idle=0; active=1; PRESS=INACTIVE_TO_ACTIVE; RELEASE=ACTIVE_TO_INACTIVE
CapKnob1Right,KNOB 1 RIGHT — TOUCH,TOUCH,RIGHT,TOUCH,ASSEMBLY_KNOB1RIGHT,"[""EndKnob1Right""]",TOUCH,1,41,BITFIELD,,,0,1,INACTIVE_TO_ACTIVE,ACTIVE_TO_INACTIVE,,,,,,,CapKnob1Right,,CONFIRMED_MULTIPLE_SOURCES,PHYSICAL_DIRECT_AND_APPROVED_CANONICAL,18,17,1,2,0x02,"[""0x02""]",1,,41,EXACT_CANONICAL_FAMILY,[109],OBSERVATIONAL_BASELINE,H01,NONE_RECORDED_IN_THIS_DERIVATION,Normalized state idle=0; active=1; PRESS=INACTIVE_TO_ACTIVE; RELEASE=ACTIVE_TO_INACTIVE
CapKnob2Left,KNOB 2 LEFT — TOUCH,TOUCH,LEFT,TOUCH,ASSEMBLY_KNOB2LEFT,"[""EndKnob2Left""]",TOUCH,1,41,BITFIELD,,,0,1,INACTIVE_TO_ACTIVE,ACTIVE_TO_INACTIVE,,,,,,,CapKnob2Left,,CONFIRMED_MULTIPLE_SOURCES,PHYSICAL_DIRECT_AND_APPROVED_CANONICAL,10,9,1,4,0x04,"[""0x04""]",2,,41,EXACT_CANONICAL_FAMILY,[109],OBSERVATIONAL_BASELINE,H01,NONE_RECORDED_IN_THIS_DERIVATION,Normalized state idle=0; active=1; PRESS=INACTIVE_TO_ACTIVE; RELEASE=ACTIVE_TO_INACTIVE
CapKnob2Right,KNOB 2 RIGHT — TOUCH,TOUCH,RIGHT,TOUCH,ASSEMBLY_KNOB2RIGHT,"[""EndKnob2Right""]",TOUCH,1,41,BITFIELD,,,0,1,INACTIVE_TO_ACTIVE,ACTIVE_TO_INACTIVE,,,,,,,CapKnob2Right,,CONFIRMED_MULTIPLE_SOURCES,PHYSICAL_DIRECT_AND_APPROVED_CANONICAL,18,17,1,4,0x04,"[""0x04""]",2,,41,EXACT_CANONICAL_FAMILY,[109],OBSERVATIONAL_BASELINE,H01,NONE_RECORDED_IN_THIS_DERIVATION,Normalized state idle=0; active=1; PRESS=INACTIVE_TO_ACTIVE; RELEASE=ACTIVE_TO_INACTIVE
CapKnob3Left,KNOB 3 LEFT — TOUCH,TOUCH,LEFT,TOUCH,ASSEMBLY_KNOB3LEFT,"[""EndKnob3Left""]",TOUCH,1,41,BITFIELD,,,0,1,INACTIVE_TO_ACTIVE,ACTIVE_TO_INACTIVE,,,,,,,CapKnob3Left,,CONFIRMED_MULTIPLE_SOURCES,PHYSICAL_DIRECT_AND_APPROVED_CANONICAL,10,9,1,8,0x08,"[""0x08""]",3,,41,EXACT_CANONICAL_FAMILY,[109],OBSERVATIONAL_BASELINE,H01,NONE_RECORDED_IN_THIS_DERIVATION,Normalized state idle=0; active=1; PRESS=INACTIVE_TO_ACTIVE; RELEASE=ACTIVE_TO_INACTIVE
CapKnob3Right,KNOB 3 RIGHT — TOUCH,TOUCH,RIGHT,TOUCH,ASSEMBLY_KNOB3RIGHT,"[""EndKnob3Right""]",TOUCH,1,41,BITFIELD,,,0,1,INACTIVE_TO_ACTIVE,ACTIVE_TO_INACTIVE,,,,,,,CapKnob3Right,,CONFIRMED_MULTIPLE_SOURCES,PHYSICAL_DIRECT_AND_APPROVED_CANONICAL,18,17,1,8,0x08,"[""0x08""]",3,,41,EXACT_CANONICAL_FAMILY,[109],OBSERVATIONAL_BASELINE,H01,NONE_RECORDED_IN_THIS_DERIVATION,Normalized state idle=0; active=1; PRESS=INACTIVE_TO_ACTIVE; RELEASE=ACTIVE_TO_INACTIVE
CapKnob4Left,KNOB 4 LEFT — TOUCH,TOUCH,LEFT,TOUCH,ASSEMBLY_KNOB4LEFT,"[""EndKnob4Left""]",TOUCH,1,41,BITFIELD,,,0,1,INACTIVE_TO_ACTIVE,ACTIVE_TO_INACTIVE,,,,,,,CapKnob4Left,,CONFIRMED_MULTIPLE_SOURCES,PHYSICAL_DIRECT_AND_APPROVED_CANONICAL,10,9,1,16,0x10,"[""0x10""]",4,,41,EXACT_CANONICAL_FAMILY,[109],OBSERVATIONAL_BASELINE,H01,NONE_RECORDED_IN_THIS_DERIVATION,Normalized state idle=0; active=1; PRESS=INACTIVE_TO_ACTIVE; RELEASE=ACTIVE_TO_INACTIVE
CapKnob4Right,KNOB 4 RIGHT — TOUCH,TOUCH,RIGHT,TOUCH,ASSEMBLY_KNOB4RIGHT,"[""EndKnob4Right""]",TOUCH,1,41,BITFIELD,,,0,1,INACTIVE_TO_ACTIVE,ACTIVE_TO_INACTIVE,,,,,,,CapKnob4Right,,CONFIRMED_MULTIPLE_SOURCES,PHYSICAL_DIRECT_AND_APPROVED_CANONICAL,18,17,1,16,0x10,"[""0x10""]",4,,41,EXACT_CANONICAL_FAMILY,[109],OBSERVATIONAL_BASELINE,H01,NONE_RECORDED_IN_THIS_DERIVATION,Normalized state idle=0; active=1; PRESS=INACTIVE_TO_ACTIVE; RELEASE=ACTIVE_TO_INACTIVE
CapLoopKnobLeft,LOOP_LEFT_TOUCH,TOUCH,LEFT,TOUCH,ASSEMBLY_LOOPKNOBLEFT,"[""BtnLoopKnobLeft"",""EncLoopKnobLeft""]",TOUCH,1,41,BITFIELD,,,0,1,INACTIVE_TO_ACTIVE,ACTIVE_TO_INACTIVE,,,,,,,CapLoopKnobLeft,BtnLoopKnobLeft,CONFIRMED_MULTIPLE_SOURCES,PHYSICAL_DIRECT_AND_APPROVED_CANONICAL,10,9,1,1,0x01,"[""0x01""]",0,,41,EXACT_CANONICAL_FAMILY,[109],OBSERVATIONAL_BASELINE,H01,NONE_RECORDED_IN_THIS_DERIVATION,Normalized state idle=0; active=1; PRESS=INACTIVE_TO_ACTIVE; RELEASE=ACTIVE_TO_INACTIVE
CapLoopKnobRight,LOOP_RIGHT_TOUCH,TOUCH,RIGHT,TOUCH,ASSEMBLY_LOOPKNOBRIGHT,"[""BtnLoopKnobRight"",""EncLoopKnobRight""]",TOUCH,1,41,BITFIELD,,,0,1,INACTIVE_TO_ACTIVE,ACTIVE_TO_INACTIVE,,,,,,,CapLoopKnobRight,BtnLoopKnobRight,CONFIRMED_MULTIPLE_SOURCES,PHYSICAL_DIRECT_AND_APPROVED_CANONICAL,18,17,1,1,0x01,"[""0x01""]",0,,41,EXACT_CANONICAL_FAMILY,[109],OBSERVATIONAL_BASELINE,H01,NONE_RECORDED_IN_THIS_DERIVATION,Normalized state idle=0; active=1; PRESS=INACTIVE_TO_ACTIVE; RELEASE=ACTIVE_TO_INACTIVE
EncBrowseKnobLeft,BROWSE_LEFT_ROTARY,DECK / LEFT,LEFT,ENCODER,ASSEMBLY_BROWSEKNOBLEFT,"[""BtnBrowseKnobLeft"",""CapBrowseKnobLeft""]",ENCODER_RELATIVE,1,109,MASKED_WRAP_COUNTER,NOT_APPLICABLE,UNSIGNED_COUNTER_OBSERVED,,,,,CW_DECREASES,-1,1,,,1,CapBrowseKnobLeft,,ADDED_BY_LATER_CAPTURE,CONFIRMED,1,0,1,240,0xF0,"[""0xF0""]",4,16,41,CANONICAL_PREFIX_COMPATIBLE_CARRIER,[],OBSERVATIONAL_BASELINE,H01,NONE_RECORDED_IN_THIS_DERIVATION,Modulo-16 counter; direction CW_DECREASES; CW=-1; CCW=1
EncBrowseKnobRight,BROWSE_RIGHT_ROTARY,DECK / RIGHT,RIGHT,ENCODER,ASSEMBLY_BROWSEKNOBRIGHT,"[""BtnBrowseKnobRight"",""CapBrowseKnobRight""]",ENCODER_RELATIVE,1,109,MASKED_WRAP_COUNTER,NOT_APPLICABLE,TWOS_COMPLEMENT_OBSERVED,,,,,CW_DECREASES,-1,1,,,1,CapBrowseKnobRight,,ADDED_BY_LATER_CAPTURE,CONFIRMED,2,1,1,240,0xF0,"[""0xF0""]",4,16,41,CANONICAL_PREFIX_COMPATIBLE_CARRIER,[],OBSERVATIONAL_BASELINE,H01,HISTORICAL_SIGNEDNESS_DOES_NOT_DEFINE_DELTA,Modulo-16 counter; direction CW_DECREASES; CW=-1; CCW=1
EncLoopKnobLeft,LOOP_LEFT_ROTARY,DECK / LEFT,LEFT,ENCODER,ASSEMBLY_LOOPKNOBLEFT,"[""BtnLoopKnobLeft"",""CapLoopKnobLeft""]",ENCODER_RELATIVE,1,109,MASKED_WRAP_COUNTER,NOT_APPLICABLE,UNSIGNED_COUNTER_OBSERVED,,,,,CW_INCREASES,1,-1,,,1,CapLoopKnobLeft,,ADDED_BY_LATER_CAPTURE,CONFIRMED,1,0,1,15,0x0F,"[""0x0F""]",0,16,41,CANONICAL_PREFIX_COMPATIBLE_CARRIER,[],OBSERVATIONAL_BASELINE,H01,NONE_RECORDED_IN_THIS_DERIVATION,Modulo-16 counter; direction CW_INCREASES; CW=1; CCW=-1
EncLoopKnobRight,LOOP_RIGHT_ROTARY,DECK / RIGHT,RIGHT,ENCODER,ASSEMBLY_LOOPKNOBRIGHT,"[""BtnLoopKnobRight"",""CapLoopKnobRight""]",ENCODER_RELATIVE,1,109,MASKED_WRAP_COUNTER,NOT_APPLICABLE,UNSIGNED_COUNTER_OBSERVED,,,,,CW_INCREASES,1,-1,,,1,CapLoopKnobRight,,ADDED_BY_LATER_CAPTURE,CONFIRMED,2,1,1,15,0x0F,"[""0x0F""]",0,16,41,CANONICAL_PREFIX_COMPATIBLE_CARRIER,[],OBSERVATIONAL_BASELINE,H01,NONE_RECORDED_IN_THIS_DERIVATION,Modulo-16 counter; direction CW_INCREASES; CW=1; CCW=-1
EncTempoMixer,Enc Tempo Mixer,MIXER / CENTER,CENTER,ENCODER,ASSEMBLY_TEMPOMIXER,"[""BtnTempoMixer""]",ENCODER_RELATIVE,1,109,INCREMENT_DECREMENT_CODES,NOT_APPLICABLE,RAW_CODES,,,,,GUIDED_CW_THEN_CCW,247,248,,,0,,,ADDED_BY_LATER_CAPTURE,CONFIRMED,3,2,1,,,"[""0xFF""]",,,41,CANONICAL_PREFIX_COMPATIBLE_CARRIER,[],OBSERVATIONAL_BASELINE,H01,HISTORICAL_TEMPO_SEE_SECTION_6,Historical: CW=247; CCW=248; see section 6
EndKnob1Left,End Knob 1 Left,DECK / LEFT,LEFT,KNOB,ASSEMBLY_KNOB1LEFT,"[""CapKnob1Left""]",ANALOG,2,109,ABSOLUTE_POSITION,LE,UNSIGNED_OBSERVED,,,,,INCREASING,,,299,855,1,CapKnob1Left,,ADDED_BY_LATER_CAPTURE,CONFIRMED,1,0,2,,,"[""0xFF"",""0xFF""]",,,109,PHYSICAL_RAW_FAMILY,[],OBSERVATIONAL_BASELINE,H01,NONE_RECORDED_IN_THIS_DERIVATION,Raw position; direction INCREASING; observed range 299..855
EndKnob1Right,End Knob 1 Right,DECK / RIGHT,RIGHT,KNOB,ASSEMBLY_KNOB1RIGHT,"[""CapKnob1Right""]",ANALOG,2,109,ABSOLUTE_POSITION,LE,UNSIGNED_OBSERVED,,,,,INCREASING,,,168,417,1,CapKnob1Right,,ADDED_BY_LATER_CAPTURE,CONFIRMED,9,8,2,,,"[""0xFF"",""0xFF""]",,,109,PHYSICAL_RAW_FAMILY,[],OBSERVATIONAL_BASELINE,H01,NONE_RECORDED_IN_THIS_DERIVATION,Raw position; direction INCREASING; observed range 168..417
EndKnob2Left,End Knob 2 Left,DECK / LEFT,LEFT,KNOB,ASSEMBLY_KNOB2LEFT,"[""CapKnob2Left""]",ANALOG,2,109,ABSOLUTE_POSITION,LE,UNSIGNED_OBSERVED,,,,,INCREASING,,,306,955,1,CapKnob2Left,,ADDED_BY_LATER_CAPTURE,CONFIRMED,3,2,2,,,"[""0xFF"",""0xFF""]",,,109,PHYSICAL_RAW_FAMILY,[],OBSERVATIONAL_BASELINE,H01,NONE_RECORDED_IN_THIS_DERIVATION,Raw position; direction INCREASING; observed range 306..955
EndKnob2Right,End Knob 2 Right,DECK / RIGHT,RIGHT,KNOB,ASSEMBLY_KNOB2RIGHT,"[""CapKnob2Right""]",ANALOG,2,109,ABSOLUTE_POSITION,LE,UNSIGNED_OBSERVED,,,,,INCREASING,,,399,777,1,CapKnob2Right,,ADDED_BY_LATER_CAPTURE,CONFIRMED,11,10,2,,,"[""0xFF"",""0xFF""]",,,109,PHYSICAL_RAW_FAMILY,[],OBSERVATIONAL_BASELINE,H01,NONE_RECORDED_IN_THIS_DERIVATION,Raw position; direction INCREASING; observed range 399..777
EndKnob3Left,End Knob 3 Left,DECK / LEFT,LEFT,KNOB,ASSEMBLY_KNOB3LEFT,"[""CapKnob3Left""]",ANALOG,2,109,ABSOLUTE_POSITION,LE,UNSIGNED_OBSERVED,,,,,INCREASING,,,8,475,1,CapKnob3Left,,ADDED_BY_LATER_CAPTURE,CONFIRMED,5,4,2,,,"[""0xFF"",""0xFF""]",,,109,PHYSICAL_RAW_FAMILY,[],OBSERVATIONAL_BASELINE,H01,NONE_RECORDED_IN_THIS_DERIVATION,Raw position; direction INCREASING; observed range 8..475
EndKnob3Right,End Knob 3 Right,DECK / RIGHT,RIGHT,KNOB,ASSEMBLY_KNOB3RIGHT,"[""CapKnob3Right""]",ANALOG,2,109,ABSOLUTE_POSITION,LE,UNSIGNED_OBSERVED,,,,,INCREASING,,,45,492,1,CapKnob3Right,,ADDED_BY_LATER_CAPTURE,CONFIRMED,13,12,2,,,"[""0xFF"",""0xFF""]",,,109,PHYSICAL_RAW_FAMILY,[],OBSERVATIONAL_BASELINE,H01,NONE_RECORDED_IN_THIS_DERIVATION,Raw position; direction INCREASING; observed range 45..492
EndKnob4Left,End Knob 4 Left,DECK / LEFT,LEFT,KNOB,ASSEMBLY_KNOB4LEFT,"[""CapKnob4Left""]",ANALOG,2,109,ABSOLUTE_POSITION,LE,UNSIGNED_OBSERVED,,,,,INCREASING,,,338,520,1,CapKnob4Left,,ADDED_BY_LATER_CAPTURE,CONFIRMED,7,6,2,,,"[""0xFF"",""0xFF""]",,,109,PHYSICAL_RAW_FAMILY,[],OBSERVATIONAL_BASELINE,H01,NONE_RECORDED_IN_THIS_DERIVATION,Raw position; direction INCREASING; observed range 338..520
EndKnob4Right,End Knob 4 Right,DECK / RIGHT,RIGHT,KNOB,ASSEMBLY_KNOB4RIGHT,"[""CapKnob4Right""]",ANALOG,2,109,ABSOLUTE_POSITION,LE,UNSIGNED_OBSERVED,,,,,INCREASING,,,159,698,1,CapKnob4Right,,ADDED_BY_LATER_CAPTURE,CONFIRMED,15,14,2,,,"[""0xFF"",""0xFF""]",,,109,PHYSICAL_RAW_FAMILY,[],OBSERVATIONAL_BASELINE,H01,NONE_RECORDED_IN_THIS_DERIVATION,Raw position; direction INCREASING; observed range 159..698
FadFader1Left,Fad Fader 1 Left,DECK / LEFT,LEFT,FADER,ASSEMBLY_FADER1LEFT,"[""CapFader1Left""]",ANALOG,2,109,ABSOLUTE_POSITION,LE,UNSIGNED_OBSERVED,,,,,INCREASING,,,17,4084,1,CapFader1Left,,ADDED_BY_LATER_CAPTURE,CONFIRMED,17,16,2,,,"[""0xFF"",""0xFF""]",,,109,PHYSICAL_RAW_FAMILY,[],OBSERVATIONAL_BASELINE,H01,NONE_RECORDED_IN_THIS_DERIVATION,Raw position; direction INCREASING; observed range 17..4084
FadFader1Right,Fad Fader 1 Right,DECK / RIGHT,RIGHT,FADER,ASSEMBLY_FADER1RIGHT,"[""CapFader1Right""]",ANALOG,2,109,ABSOLUTE_POSITION,LE,UNSIGNED_OBSERVED,,,,,INCREASING,,,18,4084,1,CapFader1Right,,ADDED_BY_LATER_CAPTURE,CONFIRMED,25,24,2,,,"[""0xFF"",""0xFF""]",,,109,PHYSICAL_RAW_FAMILY,[],OBSERVATIONAL_BASELINE,H01,NONE_RECORDED_IN_THIS_DERIVATION,Raw position; direction INCREASING; observed range 18..4084
FadFader2Left,Fad Fader 2 Left,DECK / LEFT,LEFT,FADER,ASSEMBLY_FADER2LEFT,"[""CapFader2Left""]",ANALOG,2,109,ABSOLUTE_POSITION,LE,UNSIGNED_OBSERVED,,,,,INCREASING,,,16,4085,1,CapFader2Left,,ADDED_BY_LATER_CAPTURE,CONFIRMED,19,18,2,,,"[""0xFF"",""0xFF""]",,,109,PHYSICAL_RAW_FAMILY,[],OBSERVATIONAL_BASELINE,H01,NONE_RECORDED_IN_THIS_DERIVATION,Raw position; direction INCREASING; observed range 16..4085
FadFader2Right,Fad Fader 2 Right,DECK / RIGHT,RIGHT,FADER,ASSEMBLY_FADER2RIGHT,"[""CapFader2Right""]",ANALOG,2,109,ABSOLUTE_POSITION,LE,UNSIGNED_OBSERVED,,,,,INCREASING,,,15,4085,1,CapFader2Right,,ADDED_BY_LATER_CAPTURE,CONFIRMED,27,26,2,,,"[""0xFF"",""0xFF""]",,,109,PHYSICAL_RAW_FAMILY,[],OBSERVATIONAL_BASELINE,H01,NONE_RECORDED_IN_THIS_DERIVATION,Raw position; direction INCREASING; observed range 15..4085
FadFader3Left,Fad Fader 3 Left,DECK / LEFT,LEFT,FADER,ASSEMBLY_FADER3LEFT,"[""CapFader3Left""]",ANALOG,2,109,ABSOLUTE_POSITION,LE,UNSIGNED_OBSERVED,,,,,INCREASING,,,18,4083,1,CapFader3Left,,ADDED_BY_LATER_CAPTURE,CONFIRMED,21,20,2,,,"[""0xFF"",""0xFF""]",,,109,PHYSICAL_RAW_FAMILY,[],OBSERVATIONAL_BASELINE,H01,NONE_RECORDED_IN_THIS_DERIVATION,Raw position; direction INCREASING; observed range 18..4083
FadFader3Right,Fad Fader 3 Right,DECK / RIGHT,RIGHT,FADER,ASSEMBLY_FADER3RIGHT,"[""CapFader3Right""]",ANALOG,2,109,ABSOLUTE_POSITION,LE,UNSIGNED_OBSERVED,,,,,INCREASING,,,14,4084,1,CapFader3Right,,ADDED_BY_LATER_CAPTURE,CONFIRMED,29,28,2,,,"[""0xFF"",""0xFF""]",,,109,PHYSICAL_RAW_FAMILY,[],OBSERVATIONAL_BASELINE,H01,NONE_RECORDED_IN_THIS_DERIVATION,Raw position; direction INCREASING; observed range 14..4084
FadFader4Left,Fad Fader 4 Left,DECK / LEFT,LEFT,FADER,ASSEMBLY_FADER4LEFT,"[""CapFader4Left""]",ANALOG,2,109,ABSOLUTE_POSITION,LE,UNSIGNED_OBSERVED,,,,,INCREASING,,,18,4085,1,CapFader4Left,,ADDED_BY_LATER_CAPTURE,CONFIRMED,23,22,2,,,"[""0xFF"",""0xFF""]",,,109,PHYSICAL_RAW_FAMILY,[],OBSERVATIONAL_BASELINE,H01,NONE_RECORDED_IN_THIS_DERIVATION,Raw position; direction INCREASING; observed range 18..4085
FadFader4Right,Fad Fader 4 Right,DECK / RIGHT,RIGHT,FADER,ASSEMBLY_FADER4RIGHT,"[""CapFader4Right""]",ANALOG,2,109,ABSOLUTE_POSITION,LE,UNSIGNED_OBSERVED,,,,,INCREASING,,,14,4085,1,CapFader4Right,,ADDED_BY_LATER_CAPTURE,CONFIRMED,31,30,2,,,"[""0xFF"",""0xFF""]",,,109,PHYSICAL_RAW_FAMILY,[],OBSERVATIONAL_BASELINE,H01,NONE_RECORDED_IN_THIS_DERIVATION,Raw position; direction INCREASING; observed range 14..4085
FadLinefaderAMixer,Fad Linefader AMixer,MIXER / A,A,FADER,FadLinefaderAMixer,[],ANALOG,2,109,ABSOLUTE_POSITION,NOT_APPLICABLE,UNSIGNED_OBSERVED,,,,,DECREASING,,,0,15,1,,,ADDED_BY_LATER_CAPTURE,CONFIRMED,34,33,1,,,"[""0xFF""]",,,109,PHYSICAL_RAW_FAMILY,[],OBSERVATIONAL_BASELINE,H01,NONE_RECORDED_IN_THIS_DERIVATION,Raw position; direction DECREASING; observed range 0..15
FadLinefaderBMixer,Fad Linefader BMixer,MIXER / B,B,FADER,FadLinefaderBMixer,[],ANALOG,2,109,ABSOLUTE_POSITION,NOT_APPLICABLE,UNSIGNED_OBSERVED,,,,,DECREASING,,,0,15,1,,,ADDED_BY_LATER_CAPTURE,CONFIRMED,36,35,1,,,"[""0xFF""]",,,109,PHYSICAL_RAW_FAMILY,[],OBSERVATIONAL_BASELINE,H01,NONE_RECORDED_IN_THIS_DERIVATION,Raw position; direction DECREASING; observed range 0..15
FadLinefaderCMixer,Fad Linefader CMixer,MIXER / C,C,FADER,FadLinefaderCMixer,[],ANALOG,2,109,ABSOLUTE_POSITION,LE,UNSIGNED_OBSERVED,,,,,DECREASING,,,14,4089,1,,,ADDED_BY_LATER_CAPTURE,CONFIRMED,37,36,2,,,"[""0xFF"",""0xFF""]",,,109,PHYSICAL_RAW_FAMILY,[],OBSERVATIONAL_BASELINE,H01,NONE_RECORDED_IN_THIS_DERIVATION,Raw position; direction DECREASING; observed range 14..4089
FadLinefaderDMixer,Fad Linefader DMixer,MIXER / D,D,FADER,FadLinefaderDMixer,[],ANALOG,2,109,ABSOLUTE_POSITION,NOT_APPLICABLE,UNSIGNED_OBSERVED,,,,,INCREASING,,,0,15,1,,,ADDED_BY_LATER_CAPTURE,CONFIRMED,40,39,1,,,"[""0xFF""]",,,109,PHYSICAL_RAW_FAMILY,[],OBSERVATIONAL_BASELINE,H01,NONE_RECORDED_IN_THIS_DERIVATION,Raw position; direction INCREASING; observed range 0..15
KnbFilterAMixer,Knb Filter AMixer,MIXER / A,A,KNOB,KnbFilterAMixer,[],ANALOG,2,109,ABSOLUTE_POSITION,LE,UNSIGNED_OBSERVED,,,,,INCREASING,,,11,4079,1,,,ADDED_BY_LATER_CAPTURE,CONFIRMED,77,76,2,,,"[""0xFF"",""0xFF""]",,,109,PHYSICAL_RAW_FAMILY,[],OBSERVATIONAL_BASELINE,H01,NONE_RECORDED_IN_THIS_DERIVATION,Raw position; direction INCREASING; observed range 11..4079
KnbFilterBMixer,Knb Filter BMixer,MIXER / B,B,KNOB,KnbFilterBMixer,[],ANALOG,2,109,ABSOLUTE_POSITION,LE,UNSIGNED_OBSERVED,,,,,DECREASING,,,14,4083,1,,,ADDED_BY_LATER_CAPTURE,CONFIRMED,87,86,2,,,"[""0xFF"",""0xFF""]",,,109,PHYSICAL_RAW_FAMILY,[],OBSERVATIONAL_BASELINE,H01,NONE_RECORDED_IN_THIS_DERIVATION,Raw position; direction DECREASING; observed range 14..4083
KnbFilterCMixer,Knb Filter CMixer,MIXER / C,C,KNOB,KnbFilterCMixer,[],ANALOG,2,109,ABSOLUTE_POSITION,LE,UNSIGNED_OBSERVED,,,,,INCREASING,,,11,4083,1,,,ADDED_BY_LATER_CAPTURE,CONFIRMED,97,96,2,,,"[""0xFF"",""0xFF""]",,,109,PHYSICAL_RAW_FAMILY,[],OBSERVATIONAL_BASELINE,H01,NONE_RECORDED_IN_THIS_DERIVATION,Raw position; direction INCREASING; observed range 11..4083
KnbFilterDMixer,Knb Filter DMixer,MIXER / D,D,KNOB,KnbFilterDMixer,[],ANALOG,2,109,ABSOLUTE_POSITION,LE,UNSIGNED_OBSERVED,,,,,INCREASING,,,14,4083,1,,,ADDED_BY_LATER_CAPTURE,CONFIRMED,107,106,2,,,"[""0xFF"",""0xFF""]",,,109,PHYSICAL_RAW_FAMILY,[],OBSERVATIONAL_BASELINE,H01,NONE_RECORDED_IN_THIS_DERIVATION,Raw position; direction INCREASING; observed range 14..4083
KnbFx1KnobLeft,Knb Fx 1 Knob Left,FX / LEFT,LEFT,KNOB,ASSEMBLY_FX1KNOBLEFT,"[""CapFx1KnobLeft""]",ANALOG,2,109,ABSOLUTE_POSITION,LE,UNSIGNED_OBSERVED,,,,,INCREASING,,,15,4084,1,CapFx1KnobLeft,,ADDED_BY_LATER_CAPTURE,CONFIRMED,43,42,2,,,"[""0xFF"",""0xFF""]",,,109,PHYSICAL_RAW_FAMILY,[],OBSERVATIONAL_BASELINE,H01,NONE_RECORDED_IN_THIS_DERIVATION,Raw position; direction INCREASING; observed range 15..4084
KnbFx1KnobRight,Knb Fx 1 Knob Right,FX / RIGHT,RIGHT,KNOB,ASSEMBLY_FX1KNOBRIGHT,"[""CapFx1KnobRight""]",ANALOG,2,109,ABSOLUTE_POSITION,LE,UNSIGNED_OBSERVED,,,,,INCREASING,,,15,4085,1,CapFx1KnobRight,,ADDED_BY_LATER_CAPTURE,CONFIRMED,51,50,2,,,"[""0xFF"",""0xFF""]",,,109,PHYSICAL_RAW_FAMILY,[],OBSERVATIONAL_BASELINE,H01,NONE_RECORDED_IN_THIS_DERIVATION,Raw position; direction INCREASING; observed range 15..4085
KnbFx2KnobLeft,Knb Fx 2 Knob Left,FX / LEFT,LEFT,KNOB,ASSEMBLY_FX2KNOBLEFT,"[""CapFx2KnobLeft""]",ANALOG,2,109,ABSOLUTE_POSITION,LE,UNSIGNED_OBSERVED,,,,,INCREASING,,,17,4085,1,CapFx2KnobLeft,,ADDED_BY_LATER_CAPTURE,CONFIRMED,45,44,2,,,"[""0xFF"",""0xFF""]",,,109,PHYSICAL_RAW_FAMILY,[],OBSERVATIONAL_BASELINE,H01,NONE_RECORDED_IN_THIS_DERIVATION,Raw position; direction INCREASING; observed range 17..4085
KnbFx2KnobRight,Knb Fx 2 Knob Right,FX / RIGHT,RIGHT,KNOB,ASSEMBLY_FX2KNOBRIGHT,"[""CapFx2KnobRight""]",ANALOG,2,109,ABSOLUTE_POSITION,LE,UNSIGNED_OBSERVED,,,,,INCREASING,,,15,4084,1,CapFx2KnobRight,,ADDED_BY_LATER_CAPTURE,CONFIRMED,53,52,2,,,"[""0xFF"",""0xFF""]",,,109,PHYSICAL_RAW_FAMILY,[],OBSERVATIONAL_BASELINE,H01,NONE_RECORDED_IN_THIS_DERIVATION,Raw position; direction INCREASING; observed range 15..4084
KnbFx3KnobLeft,Knb Fx 3 Knob Left,FX / LEFT,LEFT,KNOB,ASSEMBLY_FX3KNOBLEFT,"[""CapFx3KnobLeft""]",ANALOG,2,109,ABSOLUTE_POSITION,LE,UNSIGNED_OBSERVED,,,,,INCREASING,,,17,4084,1,CapFx3KnobLeft,,ADDED_BY_LATER_CAPTURE,CONFIRMED,47,46,2,,,"[""0xFF"",""0xFF""]",,,109,PHYSICAL_RAW_FAMILY,[],OBSERVATIONAL_BASELINE,H01,NONE_RECORDED_IN_THIS_DERIVATION,Raw position; direction INCREASING; observed range 17..4084
KnbFx3KnobRight,Knb Fx 3 Knob Right,FX / RIGHT,RIGHT,KNOB,ASSEMBLY_FX3KNOBRIGHT,"[""CapFx3KnobRight""]",ANALOG,2,109,ABSOLUTE_POSITION,LE,UNSIGNED_OBSERVED,,,,,INCREASING,,,14,4085,1,CapFx3KnobRight,,ADDED_BY_LATER_CAPTURE,CONFIRMED,55,54,2,,,"[""0xFF"",""0xFF""]",,,109,PHYSICAL_RAW_FAMILY,[],OBSERVATIONAL_BASELINE,H01,NONE_RECORDED_IN_THIS_DERIVATION,Raw position; direction INCREASING; observed range 14..4085
KnbFx4KnobLeft,Knb Fx 4 Knob Left,FX / LEFT,LEFT,KNOB,ASSEMBLY_FX4KNOBLEFT,"[""CapFx4KnobLeft""]",ANALOG,2,109,ABSOLUTE_POSITION,LE,UNSIGNED_OBSERVED,,,,,INCREASING,,,17,4078,1,CapFx4KnobLeft,,ADDED_BY_LATER_CAPTURE,CONFIRMED,49,48,2,,,"[""0xFF"",""0xFF""]",,,109,PHYSICAL_RAW_FAMILY,[],OBSERVATIONAL_BASELINE,H01,NONE_RECORDED_IN_THIS_DERIVATION,Raw position; direction INCREASING; observed range 17..4078
KnbFx4KnobRight,Knb Fx 4 Knob Right,FX / RIGHT,RIGHT,KNOB,ASSEMBLY_FX4KNOBRIGHT,"[""CapFx4KnobRight""]",ANALOG,2,109,ABSOLUTE_POSITION,LE,UNSIGNED_OBSERVED,,,,,INCREASING,,,14,4085,1,CapFx4KnobRight,,ADDED_BY_LATER_CAPTURE,CONFIRMED,57,56,2,,,"[""0xFF"",""0xFF""]",,,109,PHYSICAL_RAW_FAMILY,[],OBSERVATIONAL_BASELINE,H01,NONE_RECORDED_IN_THIS_DERIVATION,Raw position; direction INCREASING; observed range 14..4085
KnbGainAMixer,Knb Gain AMixer,MIXER / A,A,KNOB,KnbGainAMixer,[],ANALOG,2,109,ABSOLUTE_POSITION,LE,UNSIGNED_OBSERVED,,,,,INCREASING,,,11,4083,1,,,ADDED_BY_LATER_CAPTURE,CONFIRMED,69,68,2,,,"[""0xFF"",""0xFF""]",,,109,PHYSICAL_RAW_FAMILY,[],OBSERVATIONAL_BASELINE,H01,NONE_RECORDED_IN_THIS_DERIVATION,Raw position; direction INCREASING; observed range 11..4083
KnbGainBMixer,Knb Gain BMixer,MIXER / B,B,KNOB,KnbGainBMixer,[],ANALOG,2,109,ABSOLUTE_POSITION,LE,UNSIGNED_OBSERVED,,,,,DECREASING,,,14,4081,1,,,ADDED_BY_LATER_CAPTURE,CONFIRMED,79,78,2,,,"[""0xFF"",""0xFF""]",,,109,PHYSICAL_RAW_FAMILY,[],OBSERVATIONAL_BASELINE,H01,NONE_RECORDED_IN_THIS_DERIVATION,Raw position; direction DECREASING; observed range 14..4081
KnbGainCMixer,Knb Gain CMixer,MIXER / C,C,KNOB,KnbGainCMixer,[],ANALOG,2,109,ABSOLUTE_POSITION,LE,UNSIGNED_OBSERVED,,,,,INCREASING,,,9,4084,1,,,ADDED_BY_LATER_CAPTURE,CONFIRMED,89,88,2,,,"[""0xFF"",""0xFF""]",,,109,PHYSICAL_RAW_FAMILY,[],OBSERVATIONAL_BASELINE,H01,NONE_RECORDED_IN_THIS_DERIVATION,Raw position; direction INCREASING; observed range 9..4084
KnbGainDMixer,Knb Gain DMixer,MIXER / D,D,KNOB,KnbGainDMixer,[],ANALOG,2,109,ABSOLUTE_POSITION,LE,UNSIGNED_OBSERVED,,,,,INCREASING,,,13,4082,1,,,ADDED_BY_LATER_CAPTURE,CONFIRMED,99,98,2,,,"[""0xFF"",""0xFF""]",,,109,PHYSICAL_RAW_FAMILY,[],OBSERVATIONAL_BASELINE,H01,NONE_RECORDED_IN_THIS_DERIVATION,Raw position; direction INCREASING; observed range 13..4082
KnbHiAMixer,Knb Hi AMixer,MIXER / A,A,KNOB,KnbHiAMixer,[],ANALOG,2,109,ABSOLUTE_POSITION,LE,UNSIGNED_OBSERVED,,,,,INCREASING,,,11,4082,1,,,ADDED_BY_LATER_CAPTURE,CONFIRMED,71,70,2,,,"[""0xFF"",""0xFF""]",,,109,PHYSICAL_RAW_FAMILY,[],OBSERVATIONAL_BASELINE,H01,NONE_RECORDED_IN_THIS_DERIVATION,Raw position; direction INCREASING; observed range 11..4082
KnbHiBMixer,Knb Hi BMixer,MIXER / B,B,KNOB,KnbHiBMixer,[],ANALOG,2,109,ABSOLUTE_POSITION,LE,UNSIGNED_OBSERVED,,,,,INCREASING,,,13,4082,1,,,ADDED_BY_LATER_CAPTURE,CONFIRMED,81,80,2,,,"[""0xFF"",""0xFF""]",,,109,PHYSICAL_RAW_FAMILY,[],OBSERVATIONAL_BASELINE,H01,NONE_RECORDED_IN_THIS_DERIVATION,Raw position; direction INCREASING; observed range 13..4082
KnbHiCMixer,Knb Hi CMixer,MIXER / C,C,KNOB,KnbHiCMixer,[],ANALOG,2,109,ABSOLUTE_POSITION,LE,UNSIGNED_OBSERVED,,,,,INCREASING,,,14,4079,1,,,ADDED_BY_LATER_CAPTURE,CONFIRMED,91,90,2,,,"[""0xFF"",""0xFF""]",,,109,PHYSICAL_RAW_FAMILY,[],OBSERVATIONAL_BASELINE,H01,NONE_RECORDED_IN_THIS_DERIVATION,Raw position; direction INCREASING; observed range 14..4079
KnbHiDMixer,Knb Hi DMixer,MIXER / D,D,KNOB,KnbHiDMixer,[],ANALOG,2,109,ABSOLUTE_POSITION,LE,UNSIGNED_OBSERVED,,,,,INCREASING,,,14,4081,1,,,ADDED_BY_LATER_CAPTURE,CONFIRMED,101,100,2,,,"[""0xFF"",""0xFF""]",,,109,PHYSICAL_RAW_FAMILY,[],OBSERVATIONAL_BASELINE,H01,NONE_RECORDED_IN_THIS_DERIVATION,Raw position; direction INCREASING; observed range 14..4081
KnbLowAMixer,Knb Low AMixer,MIXER / A,A,KNOB,KnbLowAMixer,[],ANALOG,2,109,ABSOLUTE_POSITION,LE,UNSIGNED_OBSERVED,,,,,DECREASING,,,13,4085,1,,,ADDED_BY_LATER_CAPTURE,CONFIRMED,75,74,2,,,"[""0xFF"",""0xFF""]",,,109,PHYSICAL_RAW_FAMILY,[],OBSERVATIONAL_BASELINE,H01,NONE_RECORDED_IN_THIS_DERIVATION,Raw position; direction DECREASING; observed range 13..4085
KnbLowBMixer,Knb Low BMixer,MIXER / B,B,KNOB,KnbLowBMixer,[],ANALOG,2,109,ABSOLUTE_POSITION,LE,UNSIGNED_OBSERVED,,,,,INCREASING,,,13,4078,1,,,ADDED_BY_LATER_CAPTURE,CONFIRMED,85,84,2,,,"[""0xFF"",""0xFF""]",,,109,PHYSICAL_RAW_FAMILY,[],OBSERVATIONAL_BASELINE,H01,NONE_RECORDED_IN_THIS_DERIVATION,Raw position; direction INCREASING; observed range 13..4078
KnbLowCMixer,Knb Low CMixer,MIXER / C,C,KNOB,KnbLowCMixer,[],ANALOG,2,109,ABSOLUTE_POSITION,NOT_APPLICABLE,UNSIGNED_OBSERVED,,,,,DECREASING,,,0,15,1,,,ADDED_BY_LATER_CAPTURE,CONFIRMED,96,95,1,,,"[""0xFF""]",,,109,PHYSICAL_RAW_FAMILY,[],OBSERVATIONAL_BASELINE,H01,OBSERVED_WIDTH_1_DO_NOT_GENERALIZE_TO_2,Raw position; direction DECREASING; observed range 0..15
KnbLowDMixer,Knb Low DMixer,MIXER / D,D,KNOB,KnbLowDMixer,[],ANALOG,2,109,ABSOLUTE_POSITION,NOT_APPLICABLE,UNSIGNED_OBSERVED,,,,,DECREASING,,,0,15,1,,,ADDED_BY_LATER_CAPTURE,CONFIRMED,106,105,1,,,"[""0xFF""]",,,109,PHYSICAL_RAW_FAMILY,[],OBSERVATIONAL_BASELINE,H01,OBSERVED_WIDTH_1_DO_NOT_GENERALIZE_TO_2,Raw position; direction DECREASING; observed range 0..15
KnbMidAMixer,Knb Mid AMixer,MIXER / A,A,KNOB,KnbMidAMixer,[],ANALOG,2,109,ABSOLUTE_POSITION,LE,UNSIGNED_OBSERVED,,,,,INCREASING,,,10,4084,1,,,ADDED_BY_LATER_CAPTURE,CONFIRMED,73,72,2,,,"[""0xFF"",""0xFF""]",,,109,PHYSICAL_RAW_FAMILY,[],OBSERVATIONAL_BASELINE,H01,NONE_RECORDED_IN_THIS_DERIVATION,Raw position; direction INCREASING; observed range 10..4084
KnbMidBMixer,Knb Mid BMixer,MIXER / B,B,KNOB,KnbMidBMixer,[],ANALOG,2,109,ABSOLUTE_POSITION,LE,UNSIGNED_OBSERVED,,,,,INCREASING,,,14,4077,1,,,ADDED_BY_LATER_CAPTURE,CONFIRMED,83,82,2,,,"[""0xFF"",""0xFF""]",,,109,PHYSICAL_RAW_FAMILY,[],OBSERVATIONAL_BASELINE,H01,NONE_RECORDED_IN_THIS_DERIVATION,Raw position; direction INCREASING; observed range 14..4077
KnbMidCMixer,Knb Mid CMixer,MIXER / C,C,KNOB,KnbMidCMixer,[],ANALOG,2,109,ABSOLUTE_POSITION,LE,UNSIGNED_OBSERVED,,,,,INCREASING,,,9,4082,1,,,ADDED_BY_LATER_CAPTURE,CONFIRMED,93,92,2,,,"[""0xFF"",""0xFF""]",,,109,PHYSICAL_RAW_FAMILY,[],OBSERVATIONAL_BASELINE,H01,NONE_RECORDED_IN_THIS_DERIVATION,Raw position; direction INCREASING; observed range 9..4082
KnbMidDMixer,Knb Mid DMixer,MIXER / D,D,KNOB,KnbMidDMixer,[],ANALOG,2,109,ABSOLUTE_POSITION,LE,UNSIGNED_OBSERVED,,,,,INCREASING,,,20,4081,1,,,ADDED_BY_LATER_CAPTURE,CONFIRMED,103,102,2,,,"[""0xFF"",""0xFF""]",,,109,PHYSICAL_RAW_FAMILY,[],OBSERVATIONAL_BASELINE,H01,NONE_RECORDED_IN_THIS_DERIVATION,Raw position; direction INCREASING; observed range 20..4081
PHYSICAL_DECK_BUTTON_LEFT,DECK_LEFT,TRANSPORT,LEFT,BUTTON,PHYSICAL_DECK_BUTTON_LEFT,[],BUTTON,1,41,BITFIELD,,,0,1,PRESS_AND_RELEASE,,,,,,,,,,CONFIRMED,PHYSICAL_DIRECT_OR_APPROVED_CANONICAL,8,7,1,4,0x04,"[""0x04""]",2,,41,EXACT_CANONICAL_FAMILY,[109],OBSERVATIONAL_BASELINE,H01,NONE_RECORDED_IN_THIS_DERIVATION,Normalized state idle=0; active=1; PRESS=PRESS_AND_RELEASE; RELEASE=None
PHYSICAL_DECK_BUTTON_RIGHT,DECK_RIGHT,TRANSPORT,RIGHT,BUTTON,PHYSICAL_DECK_BUTTON_RIGHT,[],BUTTON,1,41,BITFIELD,,,0,1,PRESS_AND_RELEASE,,,,,,,,,,CONFIRMED,PHYSICAL_DIRECT_OR_APPROVED_CANONICAL,16,15,1,4,0x04,"[""0x04""]",2,,41,EXACT_CANONICAL_FAMILY,[109],OBSERVATIONAL_BASELINE,H01,NONE_RECORDED_IN_THIS_DERIVATION,Normalized state idle=0; active=1; PRESS=PRESS_AND_RELEASE; RELEASE=None
TstTouchstripLeft,TOUCHSTRIP_LEFT_POSITION,TOUCH,LEFT,TOUCHSTRIP,ASSEMBLY_TOUCHSTRIPLEFT,"[""BtnTouchstripLeft""]",TOUCHSTRIP_POSITION,,,,,,,,,,,,,,,,BtnTouchstripLeft,,GAP,IDENTITY_ONLY_NO_IF5_BINDING,,,,,,,,,,,[],IDENTITY_WITHOUT_FIELD,H01,POSITION_UNRESOLVED,Physical identity known; position field unknown
TstTouchstripRight,TOUCHSTRIP_RIGHT_POSITION,TOUCH,RIGHT,TOUCHSTRIP,ASSEMBLY_TOUCHSTRIPRIGHT,"[""BtnTouchstripRight""]",TOUCHSTRIP_POSITION,,,,,,,,,,,,,,,,BtnTouchstripRight,,GAP,IDENTITY_ONLY_NO_IF5_BINDING,,,,,,,,,,,[],IDENTITY_WITHOUT_FIELD,H01,POSITION_UNRESOLVED,Physical identity known; position field unknown
XfdCrossfaderMixer,Xfd Crossfader Mixer,MIXER / CENTER,CENTER,FADER,XfdCrossfaderMixer,[],ANALOG,2,109,ABSOLUTE_POSITION,LE,UNSIGNED_OBSERVED,,,,,INCREASING,,,43,4085,1,,,ADDED_BY_LATER_CAPTURE,CONFIRMED,41,40,2,,,"[""0xFF"",""0xFF""]",,,109,PHYSICAL_RAW_FAMILY,[],OBSERVATIONAL_BASELINE,H01,NONE_RECORDED_IN_THIS_DERIVATION,Raw position; direction INCREASING; observed range 43..4085
DISPLAY_LEFT_BTN_01,DISPLAY LEFT BUTTON 1,DISPLAY,LEFT,BUTTON,DISPLAY_LEFT,[],BUTTON,1,41,BITFIELD,,,0,1,INACTIVE_TO_ACTIVE,ACTIVE_TO_INACTIVE,,,,,,,,,CONFIRMED,PHYSICAL_DIRECT_REPEATED,4,3,1,32,0x20,"[""0x20""]",5,,41,CANONICAL_PREFIX_COMPATIBLE_CARRIER,[109],OBSERVATIONAL_BASELINE,H02,NONE_RECORDED_IN_THIS_DERIVATION,Normalized state idle=0; active=1; PRESS=INACTIVE_TO_ACTIVE; RELEASE=ACTIVE_TO_INACTIVE
DISPLAY_LEFT_BTN_02,DISPLAY LEFT BUTTON 2,DISPLAY,LEFT,BUTTON,DISPLAY_LEFT,[],BUTTON,1,41,BITFIELD,,,0,1,INACTIVE_TO_ACTIVE,ACTIVE_TO_INACTIVE,,,,,,,,,CONFIRMED,PHYSICAL_DIRECT_REPEATED,4,3,1,16,0x10,"[""0x10""]",4,,41,CANONICAL_PREFIX_COMPATIBLE_CARRIER,[109],OBSERVATIONAL_BASELINE,H02,NONE_RECORDED_IN_THIS_DERIVATION,Normalized state idle=0; active=1; PRESS=INACTIVE_TO_ACTIVE; RELEASE=ACTIVE_TO_INACTIVE
DISPLAY_LEFT_BTN_03,DISPLAY LEFT BUTTON 3,DISPLAY,LEFT,BUTTON,DISPLAY_LEFT,[],BUTTON,1,41,BITFIELD,,,0,1,INACTIVE_TO_ACTIVE,ACTIVE_TO_INACTIVE,,,,,,,,,CONFIRMED,PHYSICAL_DIRECT_REPEATED,4,3,1,1,0x01,"[""0x01""]",0,,41,CANONICAL_PREFIX_COMPATIBLE_CARRIER,[109],OBSERVATIONAL_BASELINE,H02,NONE_RECORDED_IN_THIS_DERIVATION,Normalized state idle=0; active=1; PRESS=INACTIVE_TO_ACTIVE; RELEASE=ACTIVE_TO_INACTIVE
DISPLAY_LEFT_BTN_04,DISPLAY LEFT BUTTON 4,DISPLAY,LEFT,BUTTON,DISPLAY_LEFT,[],BUTTON,1,41,BITFIELD,,,0,1,INACTIVE_TO_ACTIVE,ACTIVE_TO_INACTIVE,,,,,,,,,CONFIRMED,PHYSICAL_DIRECT_REPEATED,6,5,1,64,0x40,"[""0x40""]",6,,41,CANONICAL_PREFIX_COMPATIBLE_CARRIER,[109],OBSERVATIONAL_BASELINE,H02,NONE_RECORDED_IN_THIS_DERIVATION,Normalized state idle=0; active=1; PRESS=INACTIVE_TO_ACTIVE; RELEASE=ACTIVE_TO_INACTIVE
DISPLAY_LEFT_BTN_05,DISPLAY LEFT BUTTON 5,DISPLAY,LEFT,BUTTON,DISPLAY_LEFT,[],BUTTON,1,41,BITFIELD,,,0,1,INACTIVE_TO_ACTIVE,ACTIVE_TO_INACTIVE,,,,,,,,,CONFIRMED,PHYSICAL_DIRECT_REPEATED,5,4,1,8,0x08,"[""0x08""]",3,,41,CANONICAL_PREFIX_COMPATIBLE_CARRIER,[109],OBSERVATIONAL_BASELINE,H02,NONE_RECORDED_IN_THIS_DERIVATION,Normalized state idle=0; active=1; PRESS=INACTIVE_TO_ACTIVE; RELEASE=ACTIVE_TO_INACTIVE
DISPLAY_LEFT_BTN_06,DISPLAY LEFT BUTTON 6,DISPLAY,LEFT,BUTTON,DISPLAY_LEFT,[],BUTTON,1,41,BITFIELD,,,0,1,INACTIVE_TO_ACTIVE,ACTIVE_TO_INACTIVE,,,,,,,,,CONFIRMED,PHYSICAL_DIRECT_REPEATED,5,4,1,16,0x10,"[""0x10""]",4,,41,CANONICAL_PREFIX_COMPATIBLE_CARRIER,[109],OBSERVATIONAL_BASELINE,H02,NONE_RECORDED_IN_THIS_DERIVATION,Normalized state idle=0; active=1; PRESS=INACTIVE_TO_ACTIVE; RELEASE=ACTIVE_TO_INACTIVE
DISPLAY_LEFT_BTN_07,DISPLAY LEFT BUTTON 7,DISPLAY,LEFT,BUTTON,DISPLAY_LEFT,[],BUTTON,1,41,BITFIELD,,,0,1,INACTIVE_TO_ACTIVE,ACTIVE_TO_INACTIVE,,,,,,,,,CONFIRMED,PHYSICAL_DIRECT_REPEATED,5,4,1,32,0x20,"[""0x20""]",5,,41,CANONICAL_PREFIX_COMPATIBLE_CARRIER,[109],OBSERVATIONAL_BASELINE,H02,NONE_RECORDED_IN_THIS_DERIVATION,Normalized state idle=0; active=1; PRESS=INACTIVE_TO_ACTIVE; RELEASE=ACTIVE_TO_INACTIVE
DISPLAY_LEFT_BTN_08,DISPLAY LEFT BUTTON 8,DISPLAY,LEFT,BUTTON,DISPLAY_LEFT,[],BUTTON,1,41,BITFIELD,,,0,1,INACTIVE_TO_ACTIVE,ACTIVE_TO_INACTIVE,,,,,,,,,CONFIRMED,PHYSICAL_DIRECT_REPEATED,5,4,1,64,0x40,"[""0x40""]",6,,41,CANONICAL_PREFIX_COMPATIBLE_CARRIER,[109],OBSERVATIONAL_BASELINE,H02,NONE_RECORDED_IN_THIS_DERIVATION,Normalized state idle=0; active=1; PRESS=INACTIVE_TO_ACTIVE; RELEASE=ACTIVE_TO_INACTIVE
DISPLAY_RIGHT_BTN_01,DISPLAY RIGHT BUTTON 1,DISPLAY,RIGHT,BUTTON,DISPLAY_RIGHT,[],BUTTON,1,41,BITFIELD,,,0,1,INACTIVE_TO_ACTIVE,ACTIVE_TO_INACTIVE,,,,,,,,,CONFIRMED,PHYSICAL_DIRECT_REPEATED,12,11,1,32,0x20,"[""0x20""]",5,,41,CANONICAL_PREFIX_COMPATIBLE_CARRIER,[109],OBSERVATIONAL_BASELINE,H02,NONE_RECORDED_IN_THIS_DERIVATION,Normalized state idle=0; active=1; PRESS=INACTIVE_TO_ACTIVE; RELEASE=ACTIVE_TO_INACTIVE
DISPLAY_RIGHT_BTN_02,DISPLAY RIGHT BUTTON 2,DISPLAY,RIGHT,BUTTON,DISPLAY_RIGHT,[],BUTTON,1,41,BITFIELD,,,0,1,INACTIVE_TO_ACTIVE,ACTIVE_TO_INACTIVE,,,,,,,,,CONFIRMED,PHYSICAL_DIRECT_REPEATED,12,11,1,16,0x10,"[""0x10""]",4,,41,CANONICAL_PREFIX_COMPATIBLE_CARRIER,[109],OBSERVATIONAL_BASELINE,H02,NONE_RECORDED_IN_THIS_DERIVATION,Normalized state idle=0; active=1; PRESS=INACTIVE_TO_ACTIVE; RELEASE=ACTIVE_TO_INACTIVE
DISPLAY_RIGHT_BTN_03,DISPLAY RIGHT BUTTON 3,DISPLAY,RIGHT,BUTTON,DISPLAY_RIGHT,[],BUTTON,1,41,BITFIELD,,,0,1,INACTIVE_TO_ACTIVE,ACTIVE_TO_INACTIVE,,,,,,,,,CONFIRMED,PHYSICAL_DIRECT_REPEATED,12,11,1,1,0x01,"[""0x01""]",0,,41,CANONICAL_PREFIX_COMPATIBLE_CARRIER,[109],OBSERVATIONAL_BASELINE,H02,NONE_RECORDED_IN_THIS_DERIVATION,Normalized state idle=0; active=1; PRESS=INACTIVE_TO_ACTIVE; RELEASE=ACTIVE_TO_INACTIVE
DISPLAY_RIGHT_BTN_04,DISPLAY RIGHT BUTTON 4,DISPLAY,RIGHT,BUTTON,DISPLAY_RIGHT,[],BUTTON,1,41,BITFIELD,,,0,1,INACTIVE_TO_ACTIVE,ACTIVE_TO_INACTIVE,,,,,,,,,CONFIRMED,PHYSICAL_DIRECT_REPEATED,14,13,1,64,0x40,"[""0x40""]",6,,41,CANONICAL_PREFIX_COMPATIBLE_CARRIER,[109],OBSERVATIONAL_BASELINE,H02,NONE_RECORDED_IN_THIS_DERIVATION,Normalized state idle=0; active=1; PRESS=INACTIVE_TO_ACTIVE; RELEASE=ACTIVE_TO_INACTIVE
DISPLAY_RIGHT_BTN_05,DISPLAY RIGHT BUTTON 5,DISPLAY,RIGHT,BUTTON,DISPLAY_RIGHT,[],BUTTON,1,41,BITFIELD,,,0,1,INACTIVE_TO_ACTIVE,ACTIVE_TO_INACTIVE,,,,,,,,,CONFIRMED,PHYSICAL_DIRECT_REPEATED,13,12,1,8,0x08,"[""0x08""]",3,,41,CANONICAL_PREFIX_COMPATIBLE_CARRIER,[109],OBSERVATIONAL_BASELINE,H02,NONE_RECORDED_IN_THIS_DERIVATION,Normalized state idle=0; active=1; PRESS=INACTIVE_TO_ACTIVE; RELEASE=ACTIVE_TO_INACTIVE
DISPLAY_RIGHT_BTN_06,DISPLAY RIGHT BUTTON 6,DISPLAY,RIGHT,BUTTON,DISPLAY_RIGHT,[],BUTTON,1,41,BITFIELD,,,0,1,INACTIVE_TO_ACTIVE,ACTIVE_TO_INACTIVE,,,,,,,,,CONFIRMED,PHYSICAL_DIRECT_REPEATED,13,12,1,16,0x10,"[""0x10""]",4,,41,CANONICAL_PREFIX_COMPATIBLE_CARRIER,[109],OBSERVATIONAL_BASELINE,H02,NONE_RECORDED_IN_THIS_DERIVATION,Normalized state idle=0; active=1; PRESS=INACTIVE_TO_ACTIVE; RELEASE=ACTIVE_TO_INACTIVE
DISPLAY_RIGHT_BTN_07,DISPLAY RIGHT BUTTON 7,DISPLAY,RIGHT,BUTTON,DISPLAY_RIGHT,[],BUTTON,1,41,BITFIELD,,,0,1,INACTIVE_TO_ACTIVE,ACTIVE_TO_INACTIVE,,,,,,,,,CONFIRMED,PHYSICAL_DIRECT_REPEATED,13,12,1,32,0x20,"[""0x20""]",5,,41,CANONICAL_PREFIX_COMPATIBLE_CARRIER,[109],OBSERVATIONAL_BASELINE,H02,NONE_RECORDED_IN_THIS_DERIVATION,Normalized state idle=0; active=1; PRESS=INACTIVE_TO_ACTIVE; RELEASE=ACTIVE_TO_INACTIVE
DISPLAY_RIGHT_BTN_08,DISPLAY RIGHT BUTTON 8,DISPLAY,RIGHT,BUTTON,DISPLAY_RIGHT,[],BUTTON,1,41,BITFIELD,,,0,1,INACTIVE_TO_ACTIVE,ACTIVE_TO_INACTIVE,,,,,,,,,CONFIRMED,PHYSICAL_DIRECT_REPEATED,13,12,1,64,0x40,"[""0x40""]",6,,41,CANONICAL_PREFIX_COMPATIBLE_CARRIER,[109],OBSERVATIONAL_BASELINE,H02,NONE_RECORDED_IN_THIS_DERIVATION,Normalized state idle=0; active=1; PRESS=INACTIVE_TO_ACTIVE; RELEASE=ACTIVE_TO_INACTIVE
